kode_desa,bundle_id,bundle_bcs,bundle_size,bundle_exit,bundle_kabupaten,bundle_kecamatan,bundle_tech_dom,bundle_interv_type,bundle_pop_2026,bundle_hh_2026,bundle_capex_mid
81.04.02.2007,1,0.7969,3,blended_finance,Buru,Air Buaya,micro_hydro,retrofit,5279,1331,4504145
81.04.02.2008,1,0.7969,3,blended_finance,Buru,Air Buaya,micro_hydro,retrofit,5279,1331,4504145
81.04.02.2019,1,0.7969,3,blended_finance,Buru,Air Buaya,micro_hydro,retrofit,5279,1331,4504145
81.04.10.2006,2,1.0,1,public_good,Buru,Batabual,solar_biomass_hybrid,retrofit,2241,564,2503852
81.04.13.2004,3,0.8405,9,blended_finance,Buru,Fena Leisela,micro_hydro,retrofit,6128,1764,5738905
81.04.13.2005,3,0.8405,9,blended_finance,Buru,Fena Leisela,micro_hydro,retrofit,6128,1764,5738905
81.04.13.2006,3,0.8405,9,blended_finance,Buru,Fena Leisela,micro_hydro,retrofit,6128,1764,5738905
81.04.13.2007,3,0.8405,9,blended_finance,Buru,Fena Leisela,micro_hydro,retrofit,6128,1764,5738905
81.04.13.2008,3,0.8405,9,blended_finance,Buru,Fena Leisela,micro_hydro,retrofit,6128,1764,5738905
81.04.13.2009,3,0.8405,9,blended_finance,Buru,Fena Leisela,micro_hydro,retrofit,6128,1764,5738905
81.04.13.2011,3,0.8405,9,blended_finance,Buru,Fena Leisela,micro_hydro,retrofit,6128,1764,5738905
81.04.13.2012,3,0.8405,9,blended_finance,Buru,Fena Leisela,micro_hydro,retrofit,6128,1764,5738905
81.04.13.2013,3,0.8405,9,blended_finance,Buru,Fena Leisela,micro_hydro,retrofit,6128,1764,5738905
81.04.14.2005,4,1.0,1,public_good,Buru,Teluk Kaiely,solar_biomass_hybrid,retrofit,1168,320,1230756
81.04.06.2004,5,0.7629,7,blended_finance,Buru,Waplau,solar_biomass_hybrid,retrofit,8590,2340,9348609
81.04.06.2005,5,0.7629,7,blended_finance,Buru,Waplau,solar_biomass_hybrid,retrofit,8590,2340,9348609
81.04.06.2006,5,0.7629,7,blended_finance,Buru,Waplau,solar_biomass_hybrid,retrofit,8590,2340,9348609
81.04.06.2007,5,0.7629,7,blended_finance,Buru,Waplau,solar_biomass_hybrid,retrofit,8590,2340,9348609
81.04.06.2008,5,0.7629,7,blended_finance,Buru,Waplau,solar_biomass_hybrid,retrofit,8590,2340,9348609
81.04.06.2009,5,0.7629,7,blended_finance,Buru,Waplau,solar_biomass_hybrid,retrofit,8590,2340,9348609
81.04.06.2010,5,0.7629,7,blended_finance,Buru,Waplau,solar_biomass_hybrid,retrofit,8590,2340,9348609
81.09.03.2003,6,1.0,1,public_good,Buru Selatan,Ambalau,solar_biomass_hybrid,retrofit,1359,353,1442060
81.09.06.2001,7,0.9057,10,blended_finance,Buru Selatan,Fena Fafan,micro_hydro,retrofit,5045,1116,3403546
81.09.06.2002,7,0.9057,10,blended_finance,Buru Selatan,Fena Fafan,micro_hydro,retrofit,5045,1116,3403546
81.09.06.2003,7,0.9057,10,blended_finance,Buru Selatan,Fena Fafan,micro_hydro,retrofit,5045,1116,3403546
81.09.06.2004,7,0.9057,10,blended_finance,Buru Selatan,Fena Fafan,micro_hydro,retrofit,5045,1116,3403546
81.09.06.2005,7,0.9057,10,blended_finance,Buru Selatan,Fena Fafan,micro_hydro,retrofit,5045,1116,3403546
81.09.06.2006,7,0.9057,10,blended_finance,Buru Selatan,Fena Fafan,micro_hydro,retrofit,5045,1116,3403546
81.09.06.2007,7,0.9057,10,blended_finance,Buru Selatan,Fena Fafan,micro_hydro,retrofit,5045,1116,3403546
81.09.06.2008,7,0.9057,10,blended_finance,Buru Selatan,Fena Fafan,micro_hydro,retrofit,5045,1116,3403546
81.09.06.2009,7,0.9057,10,blended_finance,Buru Selatan,Fena Fafan,micro_hydro,retrofit,5045,1116,3403546
81.09.06.2010,7,0.9057,10,blended_finance,Buru Selatan,Fena Fafan,micro_hydro,retrofit,5045,1116,3403546
81.09.04.2005,8,0.7252,2,public_good,Buru Selatan,Kepala Madan,solar_battery,retrofit,3985,1015,4049955
81.09.04.2010,8,0.7252,2,public_good,Buru Selatan,Kepala Madan,solar_battery,retrofit,3985,1015,4049955
81.09.04.2001,9,0.8409,5,blended_finance,Buru Selatan,Kepala Madan,solar_biomass_hybrid,retrofit,4685,1110,4758867
81.09.04.2003,9,0.8409,5,blended_finance,Buru Selatan,Kepala Madan,solar_biomass_hybrid,retrofit,4685,1110,4758867
81.09.04.2004,9,0.8409,5,blended_finance,Buru Selatan,Kepala Madan,solar_biomass_hybrid,retrofit,4685,1110,4758867
81.09.04.2012,9,0.8409,5,blended_finance,Buru Selatan,Kepala Madan,solar_biomass_hybrid,retrofit,4685,1110,4758867
81.09.04.2013,9,0.8409,5,blended_finance,Buru Selatan,Kepala Madan,solar_biomass_hybrid,retrofit,4685,1110,4758867
81.09.04.2002,10,0.8333,8,blended_finance,Buru Selatan,Kepala Madan,micro_hydro,retrofit,6469,1592,5120756
81.09.04.2006,10,0.8333,8,blended_finance,Buru Selatan,Kepala Madan,micro_hydro,retrofit,6469,1592,5120756
81.09.04.2007,10,0.8333,8,blended_finance,Buru Selatan,Kepala Madan,micro_hydro,retrofit,6469,1592,5120756
81.09.04.2008,10,0.8333,8,blended_finance,Buru Selatan,Kepala Madan,micro_hydro,retrofit,6469,1592,5120756
81.09.04.2009,10,0.8333,8,blended_finance,Buru Selatan,Kepala Madan,micro_hydro,retrofit,6469,1592,5120756
81.09.04.2011,10,0.8333,8,blended_finance,Buru Selatan,Kepala Madan,micro_hydro,retrofit,6469,1592,5120756
81.09.04.2014,10,0.8333,8,blended_finance,Buru Selatan,Kepala Madan,micro_hydro,retrofit,6469,1592,5120756
81.09.04.2015,10,0.8333,8,blended_finance,Buru Selatan,Kepala Madan,micro_hydro,retrofit,6469,1592,5120756
81.09.05.2001,11,0.8152,10,blended_finance,Buru Selatan,Leksula,micro_hydro,retrofit,7803,1836,6028796
81.09.05.2002,11,0.8152,10,blended_finance,Buru Selatan,Leksula,micro_hydro,retrofit,7803,1836,6028796
81.09.05.2003,11,0.8152,10,blended_finance,Buru Selatan,Leksula,micro_hydro,retrofit,7803,1836,6028796
81.09.05.2005,11,0.8152,10,blended_finance,Buru Selatan,Leksula,micro_hydro,retrofit,7803,1836,6028796
81.09.05.2006,11,0.8152,10,blended_finance,Buru Selatan,Leksula,micro_hydro,retrofit,7803,1836,6028796
81.09.05.2007,11,0.8152,10,blended_finance,Buru Selatan,Leksula,micro_hydro,retrofit,7803,1836,6028796
81.09.05.2010,11,0.8152,10,blended_finance,Buru Selatan,Leksula,micro_hydro,retrofit,7803,1836,6028796
81.09.05.2016,11,0.8152,10,blended_finance,Buru Selatan,Leksula,micro_hydro,retrofit,7803,1836,6028796
81.09.05.2024,11,0.8152,10,blended_finance,Buru Selatan,Leksula,micro_hydro,retrofit,7803,1836,6028796
81.09.05.2025,11,0.8152,10,blended_finance,Buru Selatan,Leksula,micro_hydro,retrofit,7803,1836,6028796
81.09.05.2009,12,0.8713,2,public_good,Buru Selatan,Leksula,solar_biomass_hybrid,retrofit,2152,555,2374202
81.09.05.2015,12,0.8713,2,public_good,Buru Selatan,Leksula,solar_biomass_hybrid,retrofit,2152,555,2374202
81.09.05.2004,13,0.7627,5,blended_finance,Buru Selatan,Leksula,solar_biomass_hybrid,retrofit,2359,572,2238535
81.09.05.2018,13,0.7627,5,blended_finance,Buru Selatan,Leksula,solar_biomass_hybrid,retrofit,2359,572,2238535
81.09.05.2023,13,0.7627,5,blended_finance,Buru Selatan,Leksula,solar_biomass_hybrid,retrofit,2359,572,2238535
81.09.05.2029,13,0.7627,5,blended_finance,Buru Selatan,Leksula,solar_biomass_hybrid,retrofit,2359,572,2238535
81.09.05.2030,13,0.7627,5,blended_finance,Buru Selatan,Leksula,solar_biomass_hybrid,retrofit,2359,572,2238535
81.09.05.2008,14,1.0,1,public_good,Buru Selatan,Leksula,micro_hydro,retrofit,3785,1005,3091290
81.09.01.2001,15,0.8358,4,blended_finance,Buru Selatan,Namrole,micro_hydro,new_build,6018,1448,4790754
81.09.01.2007,15,0.8358,4,blended_finance,Buru Selatan,Namrole,micro_hydro,new_build,6018,1448,4790754
81.09.01.2008,15,0.8358,4,blended_finance,Buru Selatan,Namrole,micro_hydro,new_build,6018,1448,4790754
81.09.01.2011,15,0.8358,4,blended_finance,Buru Selatan,Namrole,micro_hydro,new_build,6018,1448,4790754
81.09.01.2017,16,1.0,1,public_good,Buru Selatan,Namrole,solar_biomass_hybrid,retrofit,305,101,404968
81.09.02.2001,17,0.8906,2,public_good,Buru Selatan,Waesama,solar_biomass_hybrid,retrofit,2702,605,2547208
81.09.02.2011,17,0.8906,2,public_good,Buru Selatan,Waesama,solar_biomass_hybrid,retrofit,2702,605,2547208
81.09.02.2002,18,0.8622,9,blended_finance,Buru Selatan,Waesama,micro_hydro,new_build,15830,3887,12888217
81.09.02.2003,18,0.8622,9,blended_finance,Buru Selatan,Waesama,micro_hydro,new_build,15830,3887,12888217
81.09.02.2004,18,0.8622,9,blended_finance,Buru Selatan,Waesama,micro_hydro,new_build,15830,3887,12888217
81.09.02.2005,18,0.8622,9,blended_finance,Buru Selatan,Waesama,micro_hydro,new_build,15830,3887,12888217
81.09.02.2006,18,0.8622,9,blended_finance,Buru Selatan,Waesama,micro_hydro,new_build,15830,3887,12888217
81.09.02.2007,18,0.8622,9,blended_finance,Buru Selatan,Waesama,micro_hydro,new_build,15830,3887,12888217
81.09.02.2008,18,0.8622,9,blended_finance,Buru Selatan,Waesama,micro_hydro,new_build,15830,3887,12888217
81.09.02.2009,18,0.8622,9,blended_finance,Buru Selatan,Waesama,micro_hydro,new_build,15830,3887,12888217
81.09.02.2010,18,0.8622,9,blended_finance,Buru Selatan,Waesama,micro_hydro,new_build,15830,3887,12888217
81.07.02.2026,19,0.8924,3,blended_finance,Kepulauan Aru,Aru Selatan,solar_biomass_hybrid,retrofit,1761,488,1816786
81.07.02.2029,19,0.8924,3,blended_finance,Kepulauan Aru,Aru Selatan,solar_biomass_hybrid,retrofit,1761,488,1816786
81.07.02.2031,19,0.8924,3,blended_finance,Kepulauan Aru,Aru Selatan,solar_biomass_hybrid,retrofit,1761,488,1816786
81.07.02.2001,20,0.7531,6,blended_finance,Kepulauan Aru,Aru Selatan,solar_battery,retrofit,4145,1033,4013172
81.07.02.2003,20,0.7531,6,blended_finance,Kepulauan Aru,Aru Selatan,solar_battery,retrofit,4145,1033,4013172
81.07.02.2004,20,0.7531,6,blended_finance,Kepulauan Aru,Aru Selatan,solar_battery,retrofit,4145,1033,4013172
81.07.02.2006,20,0.7531,6,blended_finance,Kepulauan Aru,Aru Selatan,solar_battery,retrofit,4145,1033,4013172
81.07.02.2008,20,0.7531,6,blended_finance,Kepulauan Aru,Aru Selatan,solar_battery,retrofit,4145,1033,4013172
81.07.02.2027,20,0.7531,6,blended_finance,Kepulauan Aru,Aru Selatan,solar_battery,retrofit,4145,1033,4013172
81.07.09.2002,21,0.7854,6,blended_finance,Kepulauan Aru,Aru Selatan Timur,wind_solar_hybrid,retrofit,3103,821,3682658
81.07.09.2003,21,0.7854,6,blended_finance,Kepulauan Aru,Aru Selatan Timur,wind_solar_hybrid,retrofit,3103,821,3682658
81.07.09.2004,21,0.7854,6,blended_finance,Kepulauan Aru,Aru Selatan Timur,wind_solar_hybrid,retrofit,3103,821,3682658
81.07.09.2005,21,0.7854,6,blended_finance,Kepulauan Aru,Aru Selatan Timur,wind_solar_hybrid,retrofit,3103,821,3682658
81.07.09.2006,21,0.7854,6,blended_finance,Kepulauan Aru,Aru Selatan Timur,wind_solar_hybrid,retrofit,3103,821,3682658
81.07.09.2009,21,0.7854,6,blended_finance,Kepulauan Aru,Aru Selatan Timur,wind_solar_hybrid,retrofit,3103,821,3682658
81.07.10.2001,22,0.8529,7,blended_finance,Kepulauan Aru,Aru Selatan Utara,solar_biomass_hybrid,retrofit,4505,1314,4891289
81.07.10.2002,22,0.8529,7,blended_finance,Kepulauan Aru,Aru Selatan Utara,solar_biomass_hybrid,retrofit,4505,1314,4891289
81.07.10.2003,22,0.8529,7,blended_finance,Kepulauan Aru,Aru Selatan Utara,solar_biomass_hybrid,retrofit,4505,1314,4891289
81.07.10.2004,22,0.8529,7,blended_finance,Kepulauan Aru,Aru Selatan Utara,solar_biomass_hybrid,retrofit,4505,1314,4891289
81.07.10.2005,22,0.8529,7,blended_finance,Kepulauan Aru,Aru Selatan Utara,solar_biomass_hybrid,retrofit,4505,1314,4891289
81.07.10.2006,22,0.8529,7,blended_finance,Kepulauan Aru,Aru Selatan Utara,solar_biomass_hybrid,retrofit,4505,1314,4891289
81.07.10.2007,22,0.8529,7,blended_finance,Kepulauan Aru,Aru Selatan Utara,solar_biomass_hybrid,retrofit,4505,1314,4891289
81.07.03.2003,23,0.8142,5,blended_finance,Kepulauan Aru,Aru Tengah,solar_battery,retrofit,2646,788,2961738
81.07.03.2008,23,0.8142,5,blended_finance,Kepulauan Aru,Aru Tengah,solar_battery,retrofit,2646,788,2961738
81.07.03.2009,23,0.8142,5,blended_finance,Kepulauan Aru,Aru Tengah,solar_battery,retrofit,2646,788,2961738
81.07.03.2030,23,0.8142,5,blended_finance,Kepulauan Aru,Aru Tengah,solar_battery,retrofit,2646,788,2961738
81.07.03.2031,23,0.8142,5,blended_finance,Kepulauan Aru,Aru Tengah,solar_battery,retrofit,2646,788,2961738
81.07.03.2006,24,0.7481,5,blended_finance,Kepulauan Aru,Aru Tengah,solar_biomass_hybrid,new_build,4356,1282,4772145
81.07.03.2033,24,0.7481,5,blended_finance,Kepulauan Aru,Aru Tengah,solar_biomass_hybrid,new_build,4356,1282,4772145
81.07.03.2037,24,0.7481,5,blended_finance,Kepulauan Aru,Aru Tengah,solar_biomass_hybrid,new_build,4356,1282,4772145
81.07.03.2043,24,0.7481,5,blended_finance,Kepulauan Aru,Aru Tengah,solar_biomass_hybrid,new_build,4356,1282,4772145
81.07.03.2045,24,0.7481,5,blended_finance,Kepulauan Aru,Aru Tengah,solar_biomass_hybrid,new_build,4356,1282,4772145
81.07.08.2006,25,0.7177,2,public_good,Kepulauan Aru,Aru Tengah Selatan,solar_battery,retrofit,1018,316,1320330
81.07.08.2007,25,0.7177,2,public_good,Kepulauan Aru,Aru Tengah Selatan,solar_battery,retrofit,1018,316,1320330
81.07.07.2001,26,0.7834,5,blended_finance,Kepulauan Aru,Aru Tengah Timur,solar_battery,retrofit,2478,666,2503051
81.07.07.2008,26,0.7834,5,blended_finance,Kepulauan Aru,Aru Tengah Timur,solar_battery,retrofit,2478,666,2503051
81.07.07.2009,26,0.7834,5,blended_finance,Kepulauan Aru,Aru Tengah Timur,solar_battery,retrofit,2478,666,2503051
81.07.07.2011,26,0.7834,5,blended_finance,Kepulauan Aru,Aru Tengah Timur,solar_battery,retrofit,2478,666,2503051
81.07.07.2013,26,0.7834,5,blended_finance,Kepulauan Aru,Aru Tengah Timur,solar_battery,retrofit,2478,666,2503051
81.07.07.2004,27,0.7866,3,blended_finance,Kepulauan Aru,Aru Tengah Timur,solar_biomass_hybrid,new_build,1835,480,1786824
81.07.07.2010,27,0.7866,3,blended_finance,Kepulauan Aru,Aru Tengah Timur,solar_biomass_hybrid,new_build,1835,480,1786824
81.07.07.2012,27,0.7866,3,blended_finance,Kepulauan Aru,Aru Tengah Timur,solar_biomass_hybrid,new_build,1835,480,1786824
81.07.04.2001,28,0.8671,4,blended_finance,Kepulauan Aru,Aru Utara,wind_solar_hybrid,retrofit,3709,1014,4684680
81.07.04.2002,28,0.8671,4,blended_finance,Kepulauan Aru,Aru Utara,wind_solar_hybrid,retrofit,3709,1014,4684680
81.07.04.2005,28,0.8671,4,blended_finance,Kepulauan Aru,Aru Utara,wind_solar_hybrid,retrofit,3709,1014,4684680
81.07.04.2007,28,0.8671,4,blended_finance,Kepulauan Aru,Aru Utara,wind_solar_hybrid,retrofit,3709,1014,4684680
81.07.04.2004,29,0.6221,6,blended_finance,Kepulauan Aru,Aru Utara,solar_biomass_hybrid,new_build,3223,860,3365321
81.07.04.2006,29,0.6221,6,blended_finance,Kepulauan Aru,Aru Utara,solar_biomass_hybrid,new_build,3223,860,3365321
81.07.04.2008,29,0.6221,6,blended_finance,Kepulauan Aru,Aru Utara,solar_biomass_hybrid,new_build,3223,860,3365321
81.07.04.2009,29,0.6221,6,blended_finance,Kepulauan Aru,Aru Utara,solar_biomass_hybrid,new_build,3223,860,3365321
81.07.04.2010,29,0.6221,6,blended_finance,Kepulauan Aru,Aru Utara,solar_biomass_hybrid,new_build,3223,860,3365321
81.07.04.2013,29,0.6221,6,blended_finance,Kepulauan Aru,Aru Utara,solar_biomass_hybrid,new_build,3223,860,3365321
81.07.05.2001,30,0.7513,7,blended_finance,Kepulauan Aru,Aru Utara Timur Batuley,solar_battery,retrofit,4591,1287,4833516
81.07.05.2002,30,0.7513,7,blended_finance,Kepulauan Aru,Aru Utara Timur Batuley,solar_battery,retrofit,4591,1287,4833516
81.07.05.2003,30,0.7513,7,blended_finance,Kepulauan Aru,Aru Utara Timur Batuley,solar_battery,retrofit,4591,1287,4833516
81.07.05.2004,30,0.7513,7,blended_finance,Kepulauan Aru,Aru Utara Timur Batuley,solar_battery,retrofit,4591,1287,4833516
81.07.05.2006,30,0.7513,7,blended_finance,Kepulauan Aru,Aru Utara Timur Batuley,solar_battery,retrofit,4591,1287,4833516
81.07.05.2008,30,0.7513,7,blended_finance,Kepulauan Aru,Aru Utara Timur Batuley,solar_battery,retrofit,4591,1287,4833516
81.07.05.2009,30,0.7513,7,blended_finance,Kepulauan Aru,Aru Utara Timur Batuley,solar_battery,retrofit,4591,1287,4833516
81.07.01.2003,31,0.7638,5,blended_finance,Kepulauan Aru,Pulau-Pulau Aru,solar_biomass_hybrid,new_build,2458,696,2594273
81.07.01.2004,31,0.7638,5,blended_finance,Kepulauan Aru,Pulau-Pulau Aru,solar_biomass_hybrid,new_build,2458,696,2594273
81.07.01.2005,31,0.7638,5,blended_finance,Kepulauan Aru,Pulau-Pulau Aru,solar_biomass_hybrid,new_build,2458,696,2594273
81.07.01.2006,31,0.7638,5,blended_finance,Kepulauan Aru,Pulau-Pulau Aru,solar_biomass_hybrid,new_build,2458,696,2594273
81.07.01.2007,31,0.7638,5,blended_finance,Kepulauan Aru,Pulau-Pulau Aru,solar_biomass_hybrid,new_build,2458,696,2594273
81.07.06.2006,32,0.6924,4,blended_finance,Kepulauan Aru,Sir-Sir,solar_biomass_hybrid,retrofit,1970,545,2032359
81.07.06.2007,32,0.6924,4,blended_finance,Kepulauan Aru,Sir-Sir,solar_biomass_hybrid,retrofit,1970,545,2032359
81.07.06.2008,32,0.6924,4,blended_finance,Kepulauan Aru,Sir-Sir,solar_biomass_hybrid,retrofit,1970,545,2032359
81.07.06.2009,32,0.6924,4,blended_finance,Kepulauan Aru,Sir-Sir,solar_biomass_hybrid,retrofit,1970,545,2032359
81.07.06.2010,33,1.0,1,public_good,Kepulauan Aru,Sir-Sir,solar_biomass_hybrid,new_build,695,194,722272
81.03.06.2001,34,0.8609,2,public_good,Kepulauan Tanimbar,Fordata,solar_biomass_hybrid,retrofit,3031,877,3376765
81.03.06.2004,34,0.8609,2,public_good,Kepulauan Tanimbar,Fordata,solar_biomass_hybrid,retrofit,3031,877,3376765
81.03.06.2002,35,0.8733,4,blended_finance,Kepulauan Tanimbar,Fordata,solar_biomass_hybrid,retrofit,2741,837,3281794
81.03.06.2003,35,0.8733,4,blended_finance,Kepulauan Tanimbar,Fordata,solar_biomass_hybrid,retrofit,2741,837,3281794
81.03.06.2005,35,0.8733,4,blended_finance,Kepulauan Tanimbar,Fordata,solar_biomass_hybrid,retrofit,2741,837,3281794
81.03.06.2006,35,0.8733,4,blended_finance,Kepulauan Tanimbar,Fordata,solar_biomass_hybrid,retrofit,2741,837,3281794
81.03.08.2008,36,0.8516,2,public_good,Kepulauan Tanimbar,Kormomolin,solar_biomass_hybrid,retrofit,1996,612,2312958
81.03.08.2009,36,0.8516,2,public_good,Kepulauan Tanimbar,Kormomolin,solar_biomass_hybrid,retrofit,1996,612,2312958
81.03.18.2003,37,0.8338,3,blended_finance,Kepulauan Tanimbar,Molu Maru,solar_biomass_hybrid,retrofit,2626,711,2667141
81.03.18.2004,37,0.8338,3,blended_finance,Kepulauan Tanimbar,Molu Maru,solar_biomass_hybrid,retrofit,2626,711,2667141
81.03.18.2005,37,0.8338,3,blended_finance,Kepulauan Tanimbar,Molu Maru,solar_biomass_hybrid,retrofit,2626,711,2667141
81.03.09.2001,38,0.946,2,public_good,Kepulauan Tanimbar,Nirunmas,solar_biomass_hybrid,retrofit,5437,1577,5948453
81.03.09.2002,38,0.946,2,public_good,Kepulauan Tanimbar,Nirunmas,solar_biomass_hybrid,retrofit,5437,1577,5948453
81.03.02.2005,39,0.9031,3,blended_finance,Kepulauan Tanimbar,Selaru,solar_battery,retrofit,3374,877,3295888
81.03.02.2006,39,0.9031,3,blended_finance,Kepulauan Tanimbar,Selaru,solar_battery,retrofit,3374,877,3295888
81.03.02.2007,39,0.9031,3,blended_finance,Kepulauan Tanimbar,Selaru,solar_battery,retrofit,3374,877,3295888
81.03.01.2009,40,1.0,1,public_good,Kepulauan Tanimbar,Tanimbar Selatan,wind_solar_hybrid,retrofit,3790,1018,4703160
81.03.01.2011,41,1.0,1,public_good,Kepulauan Tanimbar,Tanimbar Selatan,wind_solar_hybrid,retrofit,654,160,739200
81.03.05.2007,42,0.6609,2,public_good,Kepulauan Tanimbar,Tanimbar Utara,solar_battery,retrofit,2999,941,3524690
81.03.05.2008,42,0.6609,2,public_good,Kepulauan Tanimbar,Tanimbar Utara,solar_battery,retrofit,2999,941,3524690
81.03.04.2006,43,0.7253,3,blended_finance,Kepulauan Tanimbar,Wermaktian,wind_solar_hybrid,new_build,3747,988,4295280
81.03.04.2007,43,0.7253,3,blended_finance,Kepulauan Tanimbar,Wermaktian,wind_solar_hybrid,new_build,3747,988,4295280
81.03.04.2009,43,0.7253,3,blended_finance,Kepulauan Tanimbar,Wermaktian,wind_solar_hybrid,new_build,3747,988,4295280
81.03.03.2004,44,0.7867,6,blended_finance,Kepulauan Tanimbar,Wertamrian,solar_biomass_hybrid,retrofit,8481,2389,8364776
81.03.03.2005,44,0.7867,6,blended_finance,Kepulauan Tanimbar,Wertamrian,solar_biomass_hybrid,retrofit,8481,2389,8364776
81.03.03.2006,44,0.7867,6,blended_finance,Kepulauan Tanimbar,Wertamrian,solar_biomass_hybrid,retrofit,8481,2389,8364776
81.03.03.2007,44,0.7867,6,blended_finance,Kepulauan Tanimbar,Wertamrian,solar_biomass_hybrid,retrofit,8481,2389,8364776
81.03.03.2008,44,0.7867,6,blended_finance,Kepulauan Tanimbar,Wertamrian,solar_biomass_hybrid,retrofit,8481,2389,8364776
81.03.03.2009,44,0.7867,6,blended_finance,Kepulauan Tanimbar,Wertamrian,solar_biomass_hybrid,retrofit,8481,2389,8364776
81.03.07.2008,45,0.7895,6,blended_finance,Kepulauan Tanimbar,Wuar Labobar,solar_biomass_hybrid,retrofit,6240,1608,6296399
81.03.07.2009,45,0.7895,6,blended_finance,Kepulauan Tanimbar,Wuar Labobar,solar_biomass_hybrid,retrofit,6240,1608,6296399
81.03.07.2010,45,0.7895,6,blended_finance,Kepulauan Tanimbar,Wuar Labobar,solar_biomass_hybrid,retrofit,6240,1608,6296399
81.03.07.2011,45,0.7895,6,blended_finance,Kepulauan Tanimbar,Wuar Labobar,solar_biomass_hybrid,retrofit,6240,1608,6296399
81.03.07.2012,45,0.7895,6,blended_finance,Kepulauan Tanimbar,Wuar Labobar,solar_biomass_hybrid,retrofit,6240,1608,6296399
81.03.07.2014,45,0.7895,6,blended_finance,Kepulauan Tanimbar,Wuar Labobar,solar_biomass_hybrid,retrofit,6240,1608,6296399
81.71.01.1013,46,1.0,1,public_good,Kota Ambon,Nusaniwe,wind_solar_hybrid,retrofit,3667,1233,5696460
81.72.05.2006,47,0.9059,2,public_good,Kota Tual,Kur Selatan,solar_biomass_hybrid,new_build,1138,281,1067562
81.72.05.2007,47,0.9059,2,public_good,Kota Tual,Kur Selatan,solar_biomass_hybrid,new_build,1138,281,1067562
81.72.05.2001,48,0.8929,5,blended_finance,Kota Tual,Kur Selatan,solar_biomass_hybrid,retrofit,3001,778,3029800
81.72.05.2002,48,0.8929,5,blended_finance,Kota Tual,Kur Selatan,solar_biomass_hybrid,retrofit,3001,778,3029800
81.72.05.2003,48,0.8929,5,blended_finance,Kota Tual,Kur Selatan,solar_biomass_hybrid,retrofit,3001,778,3029800
81.72.05.2004,48,0.8929,5,blended_finance,Kota Tual,Kur Selatan,solar_biomass_hybrid,retrofit,3001,778,3029800
81.72.05.2005,48,0.8929,5,blended_finance,Kota Tual,Kur Selatan,solar_biomass_hybrid,retrofit,3001,778,3029800
81.72.04.2001,49,0.7552,3,blended_finance,Kota Tual,Pulau-Pulau Kur,solar_biomass_hybrid,retrofit,1971,566,2162653
81.72.04.2002,49,0.7552,3,blended_finance,Kota Tual,Pulau-Pulau Kur,solar_biomass_hybrid,retrofit,1971,566,2162653
81.72.04.2004,49,0.7552,3,blended_finance,Kota Tual,Pulau-Pulau Kur,solar_biomass_hybrid,retrofit,1971,566,2162653
81.72.03.2001,50,0.7862,5,blended_finance,Kota Tual,Tayando Tam,solar_biomass_hybrid,retrofit,8779,2389,8892870
81.72.03.2002,50,0.7862,5,blended_finance,Kota Tual,Tayando Tam,solar_biomass_hybrid,retrofit,8779,2389,8892870
81.72.03.2003,50,0.7862,5,blended_finance,Kota Tual,Tayando Tam,solar_biomass_hybrid,retrofit,8779,2389,8892870
81.72.03.2004,50,0.7862,5,blended_finance,Kota Tual,Tayando Tam,solar_biomass_hybrid,retrofit,8779,2389,8892870
81.72.03.2005,50,0.7862,5,blended_finance,Kota Tual,Tayando Tam,solar_biomass_hybrid,retrofit,8779,2389,8892870
81.08.04.2015,51,0.9386,3,blended_finance,Maluku Barat Daya,Babar Barat,solar_biomass_hybrid,retrofit,1158,301,1488280
81.08.04.2016,51,0.9386,3,blended_finance,Maluku Barat Daya,Babar Barat,solar_biomass_hybrid,retrofit,1158,301,1488280
81.08.04.2017,51,0.9386,3,blended_finance,Maluku Barat Daya,Babar Barat,solar_biomass_hybrid,retrofit,1158,301,1488280
81.08.04.2003,52,0.7976,3,blended_finance,Maluku Barat Daya,Babar Barat,wind_solar_hybrid,retrofit,2910,823,3968653
81.08.04.2004,52,0.7976,3,blended_finance,Maluku Barat Daya,Babar Barat,wind_solar_hybrid,retrofit,2910,823,3968653
81.08.04.2005,52,0.7976,3,blended_finance,Maluku Barat Daya,Babar Barat,wind_solar_hybrid,retrofit,2910,823,3968653
81.08.02.2003,53,0.8681,4,blended_finance,Maluku Barat Daya,Damer,solar_biomass_hybrid,retrofit,3481,969,4013011
81.08.02.2004,53,0.8681,4,blended_finance,Maluku Barat Daya,Damer,solar_biomass_hybrid,retrofit,3481,969,4013011
81.08.02.2005,53,0.8681,4,blended_finance,Maluku Barat Daya,Damer,solar_biomass_hybrid,retrofit,3481,969,4013011
81.08.02.2007,53,0.8681,4,blended_finance,Maluku Barat Daya,Damer,solar_biomass_hybrid,retrofit,3481,969,4013011
81.08.10.2001,54,0.8203,6,blended_finance,Maluku Barat Daya,Dawelor Dawera,solar_battery,retrofit,1673,508,2036841
81.08.10.2002,54,0.8203,6,blended_finance,Maluku Barat Daya,Dawelor Dawera,solar_battery,retrofit,1673,508,2036841
81.08.10.2003,54,0.8203,6,blended_finance,Maluku Barat Daya,Dawelor Dawera,solar_battery,retrofit,1673,508,2036841
81.08.10.2004,54,0.8203,6,blended_finance,Maluku Barat Daya,Dawelor Dawera,solar_battery,retrofit,1673,508,2036841
81.08.10.2005,54,0.8203,6,blended_finance,Maluku Barat Daya,Dawelor Dawera,solar_battery,retrofit,1673,508,2036841
81.08.10.2006,54,0.8203,6,blended_finance,Maluku Barat Daya,Dawelor Dawera,solar_battery,retrofit,1673,508,2036841
81.08.16.2001,55,0.7898,3,blended_finance,Maluku Barat Daya,Kepulauan Roma,solar_biomass_hybrid,retrofit,5101,1390,5722046
81.08.16.2002,55,0.7898,3,blended_finance,Maluku Barat Daya,Kepulauan Roma,solar_biomass_hybrid,retrofit,5101,1390,5722046
81.08.16.2003,55,0.7898,3,blended_finance,Maluku Barat Daya,Kepulauan Roma,solar_biomass_hybrid,retrofit,5101,1390,5722046
81.08.03.2001,56,0.8144,2,public_good,Maluku Barat Daya,Mdona Hyera,solar_battery,retrofit,2379,689,2681920
81.08.03.2002,56,0.8144,2,public_good,Maluku Barat Daya,Mdona Hyera,solar_battery,retrofit,2379,689,2681920
81.08.03.2006,57,0.9404,3,blended_finance,Maluku Barat Daya,Mdona Hyera,solar_biomass_hybrid,retrofit,1431,413,1647162
81.08.03.2008,57,0.9404,3,blended_finance,Maluku Barat Daya,Mdona Hyera,solar_biomass_hybrid,retrofit,1431,413,1647162
81.08.03.2010,57,0.9404,3,blended_finance,Maluku Barat Daya,Mdona Hyera,solar_biomass_hybrid,retrofit,1431,413,1647162
81.08.03.2004,58,0.8953,4,blended_finance,Maluku Barat Daya,Mdona Hyera,solar_biomass_hybrid,retrofit,1787,519,2034342
81.08.03.2005,58,0.8953,4,blended_finance,Maluku Barat Daya,Mdona Hyera,solar_biomass_hybrid,retrofit,1787,519,2034342
81.08.03.2009,58,0.8953,4,blended_finance,Maluku Barat Daya,Mdona Hyera,solar_biomass_hybrid,retrofit,1787,519,2034342
81.08.03.2011,58,0.8953,4,blended_finance,Maluku Barat Daya,Mdona Hyera,solar_biomass_hybrid,retrofit,1787,519,2034342
81.08.01.2005,59,0.8898,2,public_good,Maluku Barat Daya,Moa,wind_solar_hybrid,retrofit,1654,459,2120580
81.08.01.2007,59,0.8898,2,public_good,Maluku Barat Daya,Moa,wind_solar_hybrid,retrofit,1654,459,2120580
81.08.01.2001,60,0.8549,2,public_good,Maluku Barat Daya,Moa,wind_solar_hybrid,retrofit,6693,1775,8200500
81.08.01.2006,60,0.8549,2,public_good,Maluku Barat Daya,Moa,wind_solar_hybrid,retrofit,6693,1775,8200500
81.08.12.2001,61,0.8174,5,blended_finance,Maluku Barat Daya,Pulau Lakor,solar_battery,retrofit,3230,898,3670536
81.08.12.2002,61,0.8174,5,blended_finance,Maluku Barat Daya,Pulau Lakor,solar_battery,retrofit,3230,898,3670536
81.08.12.2003,61,0.8174,5,blended_finance,Maluku Barat Daya,Pulau Lakor,solar_battery,retrofit,3230,898,3670536
81.08.12.2004,61,0.8174,5,blended_finance,Maluku Barat Daya,Pulau Lakor,solar_battery,retrofit,3230,898,3670536
81.08.12.2005,61,0.8174,5,blended_finance,Maluku Barat Daya,Pulau Lakor,solar_battery,retrofit,3230,898,3670536
81.08.09.2001,62,0.8475,11,blended_finance,Maluku Barat Daya,Pulau Masela,solar_biomass_hybrid,retrofit,3184,994,3717061
81.08.09.2002,62,0.8475,11,blended_finance,Maluku Barat Daya,Pulau Masela,solar_biomass_hybrid,retrofit,3184,994,3717061
81.08.09.2003,62,0.8475,11,blended_finance,Maluku Barat Daya,Pulau Masela,solar_biomass_hybrid,retrofit,3184,994,3717061
81.08.09.2004,62,0.8475,11,blended_finance,Maluku Barat Daya,Pulau Masela,solar_biomass_hybrid,retrofit,3184,994,3717061
81.08.09.2005,62,0.8475,11,blended_finance,Maluku Barat Daya,Pulau Masela,solar_biomass_hybrid,retrofit,3184,994,3717061
81.08.09.2006,62,0.8475,11,blended_finance,Maluku Barat Daya,Pulau Masela,solar_biomass_hybrid,retrofit,3184,994,3717061
81.08.09.2007,62,0.8475,11,blended_finance,Maluku Barat Daya,Pulau Masela,solar_biomass_hybrid,retrofit,3184,994,3717061
81.08.09.2008,62,0.8475,11,blended_finance,Maluku Barat Daya,Pulau Masela,solar_biomass_hybrid,retrofit,3184,994,3717061
81.08.09.2009,62,0.8475,11,blended_finance,Maluku Barat Daya,Pulau Masela,solar_biomass_hybrid,retrofit,3184,994,3717061
81.08.09.2010,62,0.8475,11,blended_finance,Maluku Barat Daya,Pulau Masela,solar_biomass_hybrid,retrofit,3184,994,3717061
81.08.09.2011,62,0.8475,11,blended_finance,Maluku Barat Daya,Pulau Masela,solar_biomass_hybrid,retrofit,3184,994,3717061
81.08.11.2003,63,0.8003,6,blended_finance,Maluku Barat Daya,Pulau Wetang,solar_battery,retrofit,1871,549,2179321
81.08.11.2004,63,0.8003,6,blended_finance,Maluku Barat Daya,Pulau Wetang,solar_battery,retrofit,1871,549,2179321
81.08.11.2005,63,0.8003,6,blended_finance,Maluku Barat Daya,Pulau Wetang,solar_battery,retrofit,1871,549,2179321
81.08.11.2006,63,0.8003,6,blended_finance,Maluku Barat Daya,Pulau Wetang,solar_battery,retrofit,1871,549,2179321
81.08.11.2007,63,0.8003,6,blended_finance,Maluku Barat Daya,Pulau Wetang,solar_battery,retrofit,1871,549,2179321
81.08.11.2008,63,0.8003,6,blended_finance,Maluku Barat Daya,Pulau Wetang,solar_battery,retrofit,1871,549,2179321
81.08.05.2002,64,0.909,8,blended_finance,Maluku Barat Daya,Pulau-Pulau Babar Timur,wind_solar_hybrid,retrofit,4718,1350,6461101
81.08.05.2004,64,0.909,8,blended_finance,Maluku Barat Daya,Pulau-Pulau Babar Timur,wind_solar_hybrid,retrofit,4718,1350,6461101
81.08.05.2005,64,0.909,8,blended_finance,Maluku Barat Daya,Pulau-Pulau Babar Timur,wind_solar_hybrid,retrofit,4718,1350,6461101
81.08.05.2007,64,0.909,8,blended_finance,Maluku Barat Daya,Pulau-Pulau Babar Timur,wind_solar_hybrid,retrofit,4718,1350,6461101
81.08.05.2008,64,0.909,8,blended_finance,Maluku Barat Daya,Pulau-Pulau Babar Timur,wind_solar_hybrid,retrofit,4718,1350,6461101
81.08.05.2009,64,0.909,8,blended_finance,Maluku Barat Daya,Pulau-Pulau Babar Timur,wind_solar_hybrid,retrofit,4718,1350,6461101
81.08.05.2010,64,0.909,8,blended_finance,Maluku Barat Daya,Pulau-Pulau Babar Timur,wind_solar_hybrid,retrofit,4718,1350,6461101
81.08.05.2011,64,0.909,8,blended_finance,Maluku Barat Daya,Pulau-Pulau Babar Timur,wind_solar_hybrid,retrofit,4718,1350,6461101
81.08.14.2002,65,1.0,1,public_good,Maluku Barat Daya,Wetar Barat,wind_solar_hybrid,retrofit,584,142,800278
81.08.06.2004,66,0.9476,2,public_good,Maluku Barat Daya,Wetar Selatan,solar_biomass_hybrid,retrofit,1100,296,1379756
81.08.06.2023,66,0.9476,2,public_good,Maluku Barat Daya,Wetar Selatan,solar_biomass_hybrid,retrofit,1100,296,1379756
81.08.15.2001,67,0.9098,4,blended_finance,Maluku Barat Daya,Wetar Timur,solar_biomass_hybrid,retrofit,1662,442,1906092
81.08.15.2002,67,0.9098,4,blended_finance,Maluku Barat Daya,Wetar Timur,solar_biomass_hybrid,retrofit,1662,442,1906092
81.08.15.2003,67,0.9098,4,blended_finance,Maluku Barat Daya,Wetar Timur,solar_biomass_hybrid,retrofit,1662,442,1906092
81.08.15.2004,67,0.9098,4,blended_finance,Maluku Barat Daya,Wetar Timur,solar_biomass_hybrid,retrofit,1662,442,1906092
81.01.01.1009,68,1.0,1,public_good,Maluku Tengah,Amahai,solar_battery,retrofit,2058,590,2217332
81.01.01.2021,69,1.0,1,public_good,Maluku Tengah,Amahai,solar_biomass_hybrid,retrofit,593,151,689725
81.01.09.2006,70,0.7533,3,blended_finance,Maluku Tengah,Banda,solar_biomass_hybrid,retrofit,2920,883,3423631
81.01.09.2009,70,0.7533,3,blended_finance,Maluku Tengah,Banda,solar_biomass_hybrid,retrofit,2920,883,3423631
81.01.09.2016,70,0.7533,3,blended_finance,Maluku Tengah,Banda,solar_biomass_hybrid,retrofit,2920,883,3423631
81.01.09.2010,71,1.0,1,public_good,Maluku Tengah,Banda,solar_biomass_hybrid,retrofit,1726,537,2158202
81.01.15.2006,72,0.8864,2,public_good,Maluku Tengah,Leihitu,wind_solar_hybrid,retrofit,11273,3064,17357176
81.01.15.2007,72,0.8864,2,public_good,Maluku Tengah,Leihitu,wind_solar_hybrid,retrofit,11273,3064,17357176
81.01.22.2001,73,0.7937,2,public_good,Maluku Tengah,Leihitu Barat,wind_solar_hybrid,retrofit,9000,2468,13358322
81.01.22.2002,73,0.7937,2,public_good,Maluku Tengah,Leihitu Barat,wind_solar_hybrid,retrofit,9000,2468,13358322
81.01.16.2003,74,0.884,5,blended_finance,Maluku Tengah,Nusa Laut,solar_biomass_hybrid,retrofit,2606,917,3706748
81.01.16.2004,74,0.884,5,blended_finance,Maluku Tengah,Nusa Laut,solar_biomass_hybrid,retrofit,2606,917,3706748
81.01.16.2005,74,0.884,5,blended_finance,Maluku Tengah,Nusa Laut,solar_biomass_hybrid,retrofit,2606,917,3706748
81.01.16.2006,74,0.884,5,blended_finance,Maluku Tengah,Nusa Laut,solar_biomass_hybrid,retrofit,2606,917,3706748
81.01.16.2007,74,0.884,5,blended_finance,Maluku Tengah,Nusa Laut,solar_biomass_hybrid,retrofit,2606,917,3706748
81.01.16.2002,75,1.0,1,public_good,Maluku Tengah,Nusa Laut,solar_biomass_hybrid,retrofit,1984,641,2586834
81.01.13.2001,76,0.7854,4,blended_finance,Maluku Tengah,Pulau Haruku,solar_biomass_hybrid,retrofit,5549,1802,7011376
81.01.13.2002,76,0.7854,4,blended_finance,Maluku Tengah,Pulau Haruku,solar_biomass_hybrid,retrofit,5549,1802,7011376
81.01.13.2005,76,0.7854,4,blended_finance,Maluku Tengah,Pulau Haruku,solar_biomass_hybrid,retrofit,5549,1802,7011376
81.01.13.2011,76,0.7854,4,blended_finance,Maluku Tengah,Pulau Haruku,solar_biomass_hybrid,retrofit,5549,1802,7011376
81.01.12.2006,77,1.0,1,public_good,Maluku Tengah,Saparua,solar_biomass_hybrid,retrofit,1196,372,1390077
81.01.06.2021,78,0.6711,4,blended_finance,Maluku Tengah,Seram Utara,solar_biomass_hybrid,retrofit,3637,1014,3791900
81.01.06.2044,78,0.6711,4,blended_finance,Maluku Tengah,Seram Utara,solar_biomass_hybrid,retrofit,3637,1014,3791900
81.01.06.2045,78,0.6711,4,blended_finance,Maluku Tengah,Seram Utara,solar_biomass_hybrid,retrofit,3637,1014,3791900
81.01.06.2052,78,0.6711,4,blended_finance,Maluku Tengah,Seram Utara,solar_biomass_hybrid,retrofit,3637,1014,3791900
81.01.06.2011,79,1.0,1,public_good,Maluku Tengah,Seram Utara,micro_hydro,new_build,598,151,434835
81.01.06.2022,80,1.0,1,public_good,Maluku Tengah,Seram Utara,micro_hydro,retrofit,4101,1066,3085196
81.01.20.2002,81,0.7817,7,blended_finance,Maluku Tengah,Seram Utara Barat,micro_hydro,retrofit,8482,2367,7131860
81.01.20.2003,81,0.7817,7,blended_finance,Maluku Tengah,Seram Utara Barat,micro_hydro,retrofit,8482,2367,7131860
81.01.20.2008,81,0.7817,7,blended_finance,Maluku Tengah,Seram Utara Barat,micro_hydro,retrofit,8482,2367,7131860
81.01.20.2009,81,0.7817,7,blended_finance,Maluku Tengah,Seram Utara Barat,micro_hydro,retrofit,8482,2367,7131860
81.01.20.2010,81,0.7817,7,blended_finance,Maluku Tengah,Seram Utara Barat,micro_hydro,retrofit,8482,2367,7131860
81.01.20.2011,81,0.7817,7,blended_finance,Maluku Tengah,Seram Utara Barat,micro_hydro,retrofit,8482,2367,7131860
81.01.20.2012,81,0.7817,7,blended_finance,Maluku Tengah,Seram Utara Barat,micro_hydro,retrofit,8482,2367,7131860
81.01.20.2004,82,0.7584,4,blended_finance,Maluku Tengah,Seram Utara Barat,solar_biomass_hybrid,retrofit,2331,679,2532617
81.01.20.2005,82,0.7584,4,blended_finance,Maluku Tengah,Seram Utara Barat,solar_biomass_hybrid,retrofit,2331,679,2532617
81.01.20.2007,82,0.7584,4,blended_finance,Maluku Tengah,Seram Utara Barat,solar_biomass_hybrid,retrofit,2331,679,2532617
81.01.20.2013,82,0.7584,4,blended_finance,Maluku Tengah,Seram Utara Barat,solar_biomass_hybrid,retrofit,2331,679,2532617
81.01.25.2009,83,1.0,1,public_good,Maluku Tengah,Seram Utara Timur Kobi,solar_biomass_hybrid,retrofit,728,241,897112
81.01.24.2010,84,1.0,1,public_good,Maluku Tengah,Seram Utara Timur Seti,solar_biomass_hybrid,retrofit,594,185,688785
81.01.11.2020,85,1.0,1,public_good,Maluku Tengah,Tehoru,micro_hydro,retrofit,515,152,495780
81.01.21.2002,86,0.8315,3,blended_finance,Maluku Tengah,Teluk Elpaputih,micro_hydro,retrofit,8475,2386,7467054
81.01.21.2003,86,0.8315,3,blended_finance,Maluku Tengah,Teluk Elpaputih,micro_hydro,retrofit,8475,2386,7467054
81.01.21.2004,86,0.8315,3,blended_finance,Maluku Tengah,Teluk Elpaputih,micro_hydro,retrofit,8475,2386,7467054
81.01.23.2001,87,1.0,1,public_good,Maluku Tengah,Telutih,micro_hydro,retrofit,958,233,692233
81.02.03.2025,88,1.0,1,public_good,Maluku Tenggara,Kei Besar,solar_biomass_hybrid,retrofit,205,49,192286
81.02.04.2005,89,0.9149,6,blended_finance,Maluku Tenggara,Kei Besar Selatan,solar_biomass_hybrid,retrofit,3664,975,3988987
81.02.04.2006,89,0.9149,6,blended_finance,Maluku Tenggara,Kei Besar Selatan,solar_biomass_hybrid,retrofit,3664,975,3988987
81.02.04.2012,89,0.9149,6,blended_finance,Maluku Tenggara,Kei Besar Selatan,solar_biomass_hybrid,retrofit,3664,975,3988987
81.02.04.2013,89,0.9149,6,blended_finance,Maluku Tenggara,Kei Besar Selatan,solar_biomass_hybrid,retrofit,3664,975,3988987
81.02.04.2014,89,0.9149,6,blended_finance,Maluku Tenggara,Kei Besar Selatan,solar_biomass_hybrid,retrofit,3664,975,3988987
81.02.04.2016,89,0.9149,6,blended_finance,Maluku Tenggara,Kei Besar Selatan,solar_biomass_hybrid,retrofit,3664,975,3988987
81.02.18.2001,90,0.8245,7,blended_finance,Maluku Tenggara,Kei Besar Selatan Barat,solar_biomass_hybrid,retrofit,2671,699,2971945
81.02.18.2002,90,0.8245,7,blended_finance,Maluku Tenggara,Kei Besar Selatan Barat,solar_biomass_hybrid,retrofit,2671,699,2971945
81.02.18.2004,90,0.8245,7,blended_finance,Maluku Tenggara,Kei Besar Selatan Barat,solar_biomass_hybrid,retrofit,2671,699,2971945
81.02.18.2006,90,0.8245,7,blended_finance,Maluku Tenggara,Kei Besar Selatan Barat,solar_biomass_hybrid,retrofit,2671,699,2971945
81.02.18.2007,90,0.8245,7,blended_finance,Maluku Tenggara,Kei Besar Selatan Barat,solar_biomass_hybrid,retrofit,2671,699,2971945
81.02.18.2010,90,0.8245,7,blended_finance,Maluku Tenggara,Kei Besar Selatan Barat,solar_biomass_hybrid,retrofit,2671,699,2971945
81.02.18.2013,90,0.8245,7,blended_finance,Maluku Tenggara,Kei Besar Selatan Barat,solar_biomass_hybrid,retrofit,2671,699,2971945
81.02.01.2018,91,1.0,1,public_good,Maluku Tenggara,Kei Kecil,solar_biomass_hybrid,retrofit,702,176,655298
81.02.13.2001,92,0.875,10,blended_finance,Maluku Tenggara,Kei Kecil Timur,wind_solar_hybrid,retrofit,6044,1727,7978740
81.02.13.2004,92,0.875,10,blended_finance,Maluku Tenggara,Kei Kecil Timur,wind_solar_hybrid,retrofit,6044,1727,7978740
81.02.13.2005,92,0.875,10,blended_finance,Maluku Tenggara,Kei Kecil Timur,wind_solar_hybrid,retrofit,6044,1727,7978740
81.02.13.2006,92,0.875,10,blended_finance,Maluku Tenggara,Kei Kecil Timur,wind_solar_hybrid,retrofit,6044,1727,7978740
81.02.13.2019,92,0.875,10,blended_finance,Maluku Tenggara,Kei Kecil Timur,wind_solar_hybrid,retrofit,6044,1727,7978740
81.02.13.2020,92,0.875,10,blended_finance,Maluku Tenggara,Kei Kecil Timur,wind_solar_hybrid,retrofit,6044,1727,7978740
81.02.13.2021,92,0.875,10,blended_finance,Maluku Tenggara,Kei Kecil Timur,wind_solar_hybrid,retrofit,6044,1727,7978740
81.02.13.2022,92,0.875,10,blended_finance,Maluku Tenggara,Kei Kecil Timur,wind_solar_hybrid,retrofit,6044,1727,7978740
81.02.13.2023,92,0.875,10,blended_finance,Maluku Tenggara,Kei Kecil Timur,wind_solar_hybrid,retrofit,6044,1727,7978740
81.02.13.2024,92,0.875,10,blended_finance,Maluku Tenggara,Kei Kecil Timur,wind_solar_hybrid,retrofit,6044,1727,7978740
81.02.13.2016,93,0.7868,2,public_good,Maluku Tenggara,Kei Kecil Timur,solar_battery,retrofit,800,224,839792
81.02.13.2017,93,0.7868,2,public_good,Maluku Tenggara,Kei Kecil Timur,solar_battery,retrofit,800,224,839792
81.02.13.2002,94,0.8351,4,blended_finance,Maluku Tenggara,Kei Kecil Timur,solar_biomass_hybrid,retrofit,2559,713,2653620
81.02.13.2003,94,0.8351,4,blended_finance,Maluku Tenggara,Kei Kecil Timur,solar_biomass_hybrid,retrofit,2559,713,2653620
81.02.13.2014,94,0.8351,4,blended_finance,Maluku Tenggara,Kei Kecil Timur,solar_biomass_hybrid,retrofit,2559,713,2653620
81.02.13.2015,94,0.8351,4,blended_finance,Maluku Tenggara,Kei Kecil Timur,solar_biomass_hybrid,retrofit,2559,713,2653620
81.02.19.2011,95,1.0,1,public_good,Maluku Tenggara,Kei Kecil Timur Selatan,wind_solar_hybrid,retrofit,359,93,429660
81.06.05.2001,96,0.8624,3,blended_finance,Seram Bagian Barat,Amalatu,micro_hydro,retrofit,7328,2013,6710288
81.06.05.2002,96,0.8624,3,blended_finance,Seram Bagian Barat,Amalatu,micro_hydro,retrofit,7328,2013,6710288
81.06.05.2005,96,0.8624,3,blended_finance,Seram Bagian Barat,Amalatu,micro_hydro,retrofit,7328,2013,6710288
81.06.05.2004,97,0.7136,3,blended_finance,Seram Bagian Barat,Amalatu,solar_biomass_hybrid,retrofit,2626,678,2636039
81.06.05.2006,97,0.7136,3,blended_finance,Seram Bagian Barat,Amalatu,solar_biomass_hybrid,retrofit,2626,678,2636039
81.06.05.2007,97,0.7136,3,blended_finance,Seram Bagian Barat,Amalatu,solar_biomass_hybrid,retrofit,2626,678,2636039
81.06.05.2003,98,1.0,1,public_good,Seram Bagian Barat,Amalatu,micro_hydro,retrofit,5004,1385,4144721
81.06.11.2002,99,0.8314,6,blended_finance,Seram Bagian Barat,Elpaputih,micro_hydro,retrofit,5870,1501,4831616
81.06.11.2003,99,0.8314,6,blended_finance,Seram Bagian Barat,Elpaputih,micro_hydro,retrofit,5870,1501,4831616
81.06.11.2004,99,0.8314,6,blended_finance,Seram Bagian Barat,Elpaputih,micro_hydro,retrofit,5870,1501,4831616
81.06.11.2006,99,0.8314,6,blended_finance,Seram Bagian Barat,Elpaputih,micro_hydro,retrofit,5870,1501,4831616
81.06.11.2007,99,0.8314,6,blended_finance,Seram Bagian Barat,Elpaputih,micro_hydro,retrofit,5870,1501,4831616
81.06.11.2008,99,0.8314,6,blended_finance,Seram Bagian Barat,Elpaputih,micro_hydro,retrofit,5870,1501,4831616
81.06.08.2005,100,1.0,1,public_good,Seram Bagian Barat,Huamual,solar_battery,retrofit,1097,298,1145236
81.06.04.2003,101,0.8116,2,public_good,Seram Bagian Barat,Huamual Belakang,solar_biomass_hybrid,retrofit,6011,1498,6483003
81.06.04.2004,101,0.8116,2,public_good,Seram Bagian Barat,Huamual Belakang,solar_biomass_hybrid,retrofit,6011,1498,6483003
81.06.04.2002,102,1.0,1,public_good,Seram Bagian Barat,Huamual Belakang,micro_hydro,retrofit,1366,363,1060578
81.06.04.2005,103,1.0,1,public_good,Seram Bagian Barat,Huamual Belakang,micro_hydro,retrofit,9029,2173,6928972
81.06.06.2002,104,0.96,2,public_good,Seram Bagian Barat,Inamosol,micro_hydro,retrofit,2227,555,1742579
81.06.06.2005,104,0.96,2,public_good,Seram Bagian Barat,Inamosol,micro_hydro,retrofit,2227,555,1742579
81.06.03.2001,105,0.8348,6,blended_finance,Seram Bagian Barat,Taniwel,micro_hydro,retrofit,10247,2583,8069717
81.06.03.2005,105,0.8348,6,blended_finance,Seram Bagian Barat,Taniwel,micro_hydro,retrofit,10247,2583,8069717
81.06.03.2008,105,0.8348,6,blended_finance,Seram Bagian Barat,Taniwel,micro_hydro,retrofit,10247,2583,8069717
81.06.03.2009,105,0.8348,6,blended_finance,Seram Bagian Barat,Taniwel,micro_hydro,retrofit,10247,2583,8069717
81.06.03.2010,105,0.8348,6,blended_finance,Seram Bagian Barat,Taniwel,micro_hydro,retrofit,10247,2583,8069717
81.06.03.2030,105,0.8348,6,blended_finance,Seram Bagian Barat,Taniwel,micro_hydro,retrofit,10247,2583,8069717
81.06.03.2002,106,0.7923,10,blended_finance,Seram Bagian Barat,Taniwel,micro_hydro,retrofit,5950,1506,4995761
81.06.03.2003,106,0.7923,10,blended_finance,Seram Bagian Barat,Taniwel,micro_hydro,retrofit,5950,1506,4995761
81.06.03.2004,106,0.7923,10,blended_finance,Seram Bagian Barat,Taniwel,micro_hydro,retrofit,5950,1506,4995761
81.06.03.2006,106,0.7923,10,blended_finance,Seram Bagian Barat,Taniwel,micro_hydro,retrofit,5950,1506,4995761
81.06.03.2007,106,0.7923,10,blended_finance,Seram Bagian Barat,Taniwel,micro_hydro,retrofit,5950,1506,4995761
81.06.03.2011,106,0.7923,10,blended_finance,Seram Bagian Barat,Taniwel,micro_hydro,retrofit,5950,1506,4995761
81.06.03.2012,106,0.7923,10,blended_finance,Seram Bagian Barat,Taniwel,micro_hydro,retrofit,5950,1506,4995761
81.06.03.2029,106,0.7923,10,blended_finance,Seram Bagian Barat,Taniwel,micro_hydro,retrofit,5950,1506,4995761
81.06.03.2032,106,0.7923,10,blended_finance,Seram Bagian Barat,Taniwel,micro_hydro,retrofit,5950,1506,4995761
81.06.03.2034,106,0.7923,10,blended_finance,Seram Bagian Barat,Taniwel,micro_hydro,retrofit,5950,1506,4995761
81.06.03.2028,107,1.0,1,public_good,Seram Bagian Barat,Taniwel,solar_biomass_hybrid,retrofit,812,205,763162
81.06.10.2001,108,0.8975,7,blended_finance,Seram Bagian Barat,Taniwel Timur,micro_hydro,retrofit,4058,1110,3691827
81.06.10.2003,108,0.8975,7,blended_finance,Seram Bagian Barat,Taniwel Timur,micro_hydro,retrofit,4058,1110,3691827
81.06.10.2005,108,0.8975,7,blended_finance,Seram Bagian Barat,Taniwel Timur,micro_hydro,retrofit,4058,1110,3691827
81.06.10.2006,108,0.8975,7,blended_finance,Seram Bagian Barat,Taniwel Timur,micro_hydro,retrofit,4058,1110,3691827
81.06.10.2008,108,0.8975,7,blended_finance,Seram Bagian Barat,Taniwel Timur,micro_hydro,retrofit,4058,1110,3691827
81.06.10.2012,108,0.8975,7,blended_finance,Seram Bagian Barat,Taniwel Timur,micro_hydro,retrofit,4058,1110,3691827
81.06.10.2014,108,0.8975,7,blended_finance,Seram Bagian Barat,Taniwel Timur,micro_hydro,retrofit,4058,1110,3691827
81.06.10.2007,109,0.8746,6,blended_finance,Seram Bagian Barat,Taniwel Timur,solar_biomass_hybrid,retrofit,3824,1049,3997348
81.06.10.2009,109,0.8746,6,blended_finance,Seram Bagian Barat,Taniwel Timur,solar_biomass_hybrid,retrofit,3824,1049,3997348
81.06.10.2010,109,0.8746,6,blended_finance,Seram Bagian Barat,Taniwel Timur,solar_biomass_hybrid,retrofit,3824,1049,3997348
81.06.10.2011,109,0.8746,6,blended_finance,Seram Bagian Barat,Taniwel Timur,solar_biomass_hybrid,retrofit,3824,1049,3997348
81.06.10.2013,109,0.8746,6,blended_finance,Seram Bagian Barat,Taniwel Timur,solar_biomass_hybrid,retrofit,3824,1049,3997348
81.06.10.2015,109,0.8746,6,blended_finance,Seram Bagian Barat,Taniwel Timur,solar_biomass_hybrid,retrofit,3824,1049,3997348
81.05.12.2001,110,0.9536,2,public_good,Seram Bagian Timur,Bula Barat,micro_hydro,retrofit,972,290,843391
81.05.12.2002,110,0.9536,2,public_good,Seram Bagian Timur,Bula Barat,micro_hydro,retrofit,972,290,843391
81.05.12.2003,111,0.7214,8,blended_finance,Seram Bagian Timur,Bula Barat,solar_battery,retrofit,6747,2053,7685904
81.05.12.2004,111,0.7214,8,blended_finance,Seram Bagian Timur,Bula Barat,solar_battery,retrofit,6747,2053,7685904
81.05.12.2005,111,0.7214,8,blended_finance,Seram Bagian Timur,Bula Barat,solar_battery,retrofit,6747,2053,7685904
81.05.12.2006,111,0.7214,8,blended_finance,Seram Bagian Timur,Bula Barat,solar_battery,retrofit,6747,2053,7685904
81.05.12.2009,111,0.7214,8,blended_finance,Seram Bagian Timur,Bula Barat,solar_battery,retrofit,6747,2053,7685904
81.05.12.2011,111,0.7214,8,blended_finance,Seram Bagian Timur,Bula Barat,solar_battery,retrofit,6747,2053,7685904
81.05.12.2012,111,0.7214,8,blended_finance,Seram Bagian Timur,Bula Barat,solar_battery,retrofit,6747,2053,7685904
81.05.12.2013,111,0.7214,8,blended_finance,Seram Bagian Timur,Bula Barat,solar_battery,retrofit,6747,2053,7685904
81.05.11.2004,112,0.7981,6,blended_finance,Seram Bagian Timur,Gorom Timur,solar_biomass_hybrid,retrofit,3041,847,3186275
81.05.11.2005,112,0.7981,6,blended_finance,Seram Bagian Timur,Gorom Timur,solar_biomass_hybrid,retrofit,3041,847,3186275
81.05.11.2008,112,0.7981,6,blended_finance,Seram Bagian Timur,Gorom Timur,solar_biomass_hybrid,retrofit,3041,847,3186275
81.05.11.2009,112,0.7981,6,blended_finance,Seram Bagian Timur,Gorom Timur,solar_biomass_hybrid,retrofit,3041,847,3186275
81.05.11.2012,112,0.7981,6,blended_finance,Seram Bagian Timur,Gorom Timur,solar_biomass_hybrid,retrofit,3041,847,3186275
81.05.11.2013,112,0.7981,6,blended_finance,Seram Bagian Timur,Gorom Timur,solar_biomass_hybrid,retrofit,3041,847,3186275
81.05.13.2005,113,0.8545,4,blended_finance,Seram Bagian Timur,Kian Darat,solar_biomass_hybrid,retrofit,3212,843,3149867
81.05.13.2006,113,0.8545,4,blended_finance,Seram Bagian Timur,Kian Darat,solar_biomass_hybrid,retrofit,3212,843,3149867
81.05.13.2007,113,0.8545,4,blended_finance,Seram Bagian Timur,Kian Darat,solar_biomass_hybrid,retrofit,3212,843,3149867
81.05.13.2009,113,0.8545,4,blended_finance,Seram Bagian Timur,Kian Darat,solar_biomass_hybrid,retrofit,3212,843,3149867
81.05.08.2001,114,0.9325,6,blended_finance,Seram Bagian Timur,Kilmury,micro_hydro,retrofit,3516,997,2922981
81.05.08.2003,114,0.9325,6,blended_finance,Seram Bagian Timur,Kilmury,micro_hydro,retrofit,3516,997,2922981
81.05.08.2004,114,0.9325,6,blended_finance,Seram Bagian Timur,Kilmury,micro_hydro,retrofit,3516,997,2922981
81.05.08.2005,114,0.9325,6,blended_finance,Seram Bagian Timur,Kilmury,micro_hydro,retrofit,3516,997,2922981
81.05.08.2010,114,0.9325,6,blended_finance,Seram Bagian Timur,Kilmury,micro_hydro,retrofit,3516,997,2922981
81.05.08.2012,114,0.9325,6,blended_finance,Seram Bagian Timur,Kilmury,micro_hydro,retrofit,3516,997,2922981
81.05.08.2002,115,0.9028,7,blended_finance,Seram Bagian Timur,Kilmury,solar_biomass_hybrid,retrofit,3251,883,3327245
81.05.08.2006,115,0.9028,7,blended_finance,Seram Bagian Timur,Kilmury,solar_biomass_hybrid,retrofit,3251,883,3327245
81.05.08.2007,115,0.9028,7,blended_finance,Seram Bagian Timur,Kilmury,solar_biomass_hybrid,retrofit,3251,883,3327245
81.05.08.2008,115,0.9028,7,blended_finance,Seram Bagian Timur,Kilmury,solar_biomass_hybrid,retrofit,3251,883,3327245
81.05.08.2009,115,0.9028,7,blended_finance,Seram Bagian Timur,Kilmury,solar_biomass_hybrid,retrofit,3251,883,3327245
81.05.08.2013,115,0.9028,7,blended_finance,Seram Bagian Timur,Kilmury,solar_biomass_hybrid,retrofit,3251,883,3327245
81.05.08.2014,115,0.9028,7,blended_finance,Seram Bagian Timur,Kilmury,solar_biomass_hybrid,retrofit,3251,883,3327245
81.05.04.2006,116,0.858,4,blended_finance,Seram Bagian Timur,Pulau Gorom,solar_biomass_hybrid,retrofit,1331,409,1533319
81.05.04.2032,116,0.858,4,blended_finance,Seram Bagian Timur,Pulau Gorom,solar_biomass_hybrid,retrofit,1331,409,1533319
81.05.04.2048,116,0.858,4,blended_finance,Seram Bagian Timur,Pulau Gorom,solar_biomass_hybrid,retrofit,1331,409,1533319
81.05.04.2052,116,0.858,4,blended_finance,Seram Bagian Timur,Pulau Gorom,solar_biomass_hybrid,retrofit,1331,409,1533319
81.05.04.2003,117,1.0,1,public_good,Seram Bagian Timur,Pulau Gorom,solar_biomass_hybrid,retrofit,8469,2128,8211479
81.05.09.2004,118,0.9231,2,public_good,Seram Bagian Timur,Pulau Panjang,solar_biomass_hybrid,retrofit,335,103,383168
81.05.09.2006,118,0.9231,2,public_good,Seram Bagian Timur,Pulau Panjang,solar_biomass_hybrid,retrofit,335,103,383168
81.05.09.2001,119,0.823,3,blended_finance,Seram Bagian Timur,Pulau Panjang,solar_battery,retrofit,2422,648,2427012
81.05.09.2002,119,0.823,3,blended_finance,Seram Bagian Timur,Pulau Panjang,solar_battery,retrofit,2422,648,2427012
81.05.09.2003,119,0.823,3,blended_finance,Seram Bagian Timur,Pulau Panjang,solar_battery,retrofit,2422,648,2427012
81.05.02.2005,120,0.7908,5,blended_finance,Seram Bagian Timur,Seram Timur,solar_battery,retrofit,2476,709,2664487
81.05.02.2046,120,0.7908,5,blended_finance,Seram Bagian Timur,Seram Timur,solar_battery,retrofit,2476,709,2664487
81.05.02.2047,120,0.7908,5,blended_finance,Seram Bagian Timur,Seram Timur,solar_battery,retrofit,2476,709,2664487
81.05.02.2048,120,0.7908,5,blended_finance,Seram Bagian Timur,Seram Timur,solar_battery,retrofit,2476,709,2664487
81.05.02.2049,120,0.7908,5,blended_finance,Seram Bagian Timur,Seram Timur,solar_battery,retrofit,2476,709,2664487
81.05.02.2006,121,0.742,6,blended_finance,Seram Bagian Timur,Seram Timur,solar_biomass_hybrid,retrofit,3641,1003,3854705
81.05.02.2050,121,0.742,6,blended_finance,Seram Bagian Timur,Seram Timur,solar_biomass_hybrid,retrofit,3641,1003,3854705
81.05.02.2051,121,0.742,6,blended_finance,Seram Bagian Timur,Seram Timur,solar_biomass_hybrid,retrofit,3641,1003,3854705
81.05.02.2052,121,0.742,6,blended_finance,Seram Bagian Timur,Seram Timur,solar_biomass_hybrid,retrofit,3641,1003,3854705
81.05.02.2053,121,0.742,6,blended_finance,Seram Bagian Timur,Seram Timur,solar_biomass_hybrid,retrofit,3641,1003,3854705
81.05.02.2054,121,0.742,6,blended_finance,Seram Bagian Timur,Seram Timur,solar_biomass_hybrid,retrofit,3641,1003,3854705
81.05.14.2002,122,0.8068,8,blended_finance,Seram Bagian Timur,Siritaun Wida Timur,solar_biomass_hybrid,retrofit,5528,1566,5897925
81.05.14.2003,122,0.8068,8,blended_finance,Seram Bagian Timur,Siritaun Wida Timur,solar_biomass_hybrid,retrofit,5528,1566,5897925
81.05.14.2004,122,0.8068,8,blended_finance,Seram Bagian Timur,Siritaun Wida Timur,solar_biomass_hybrid,retrofit,5528,1566,5897925
81.05.14.2005,122,0.8068,8,blended_finance,Seram Bagian Timur,Siritaun Wida Timur,solar_biomass_hybrid,retrofit,5528,1566,5897925
81.05.14.2006,122,0.8068,8,blended_finance,Seram Bagian Timur,Siritaun Wida Timur,solar_biomass_hybrid,retrofit,5528,1566,5897925
81.05.14.2007,122,0.8068,8,blended_finance,Seram Bagian Timur,Siritaun Wida Timur,solar_biomass_hybrid,retrofit,5528,1566,5897925
81.05.14.2008,122,0.8068,8,blended_finance,Seram Bagian Timur,Siritaun Wida Timur,solar_biomass_hybrid,retrofit,5528,1566,5897925
81.05.14.2009,122,0.8068,8,blended_finance,Seram Bagian Timur,Siritaun Wida Timur,solar_biomass_hybrid,retrofit,5528,1566,5897925
81.05.07.2001,123,0.836,11,blended_finance,Seram Bagian Timur,Siwalalat,micro_hydro,retrofit,6359,1846,5667794
81.05.07.2002,123,0.836,11,blended_finance,Seram Bagian Timur,Siwalalat,micro_hydro,retrofit,6359,1846,5667794
81.05.07.2003,123,0.836,11,blended_finance,Seram Bagian Timur,Siwalalat,micro_hydro,retrofit,6359,1846,5667794
81.05.07.2004,123,0.836,11,blended_finance,Seram Bagian Timur,Siwalalat,micro_hydro,retrofit,6359,1846,5667794
81.05.07.2006,123,0.836,11,blended_finance,Seram Bagian Timur,Siwalalat,micro_hydro,retrofit,6359,1846,5667794
81.05.07.2007,123,0.836,11,blended_finance,Seram Bagian Timur,Siwalalat,micro_hydro,retrofit,6359,1846,5667794
81.05.07.2008,123,0.836,11,blended_finance,Seram Bagian Timur,Siwalalat,micro_hydro,retrofit,6359,1846,5667794
81.05.07.2009,123,0.836,11,blended_finance,Seram Bagian Timur,Siwalalat,micro_hydro,retrofit,6359,1846,5667794
81.05.07.2010,123,0.836,11,blended_finance,Seram Bagian Timur,Siwalalat,micro_hydro,retrofit,6359,1846,5667794
81.05.07.2011,123,0.836,11,blended_finance,Seram Bagian Timur,Siwalalat,micro_hydro,retrofit,6359,1846,5667794
81.05.07.2012,123,0.836,11,blended_finance,Seram Bagian Timur,Siwalalat,micro_hydro,retrofit,6359,1846,5667794
81.05.07.2005,124,1.0,1,public_good,Seram Bagian Timur,Siwalalat,solar_biomass_hybrid,retrofit,899,261,1058476
81.05.15.2002,125,0.9425,3,blended_finance,Seram Bagian Timur,Teluk Waru,micro_hydro,new_build,1987,532,1546868
81.05.15.2003,125,0.9425,3,blended_finance,Seram Bagian Timur,Teluk Waru,micro_hydro,new_build,1987,532,1546868
81.05.15.2004,125,0.9425,3,blended_finance,Seram Bagian Timur,Teluk Waru,micro_hydro,new_build,1987,532,1546868
81.05.15.2005,126,0.7873,4,blended_finance,Seram Bagian Timur,Teluk Waru,solar_biomass_hybrid,retrofit,1920,466,1738383
81.05.15.2007,126,0.7873,4,blended_finance,Seram Bagian Timur,Teluk Waru,solar_biomass_hybrid,retrofit,1920,466,1738383
81.05.15.2009,126,0.7873,4,blended_finance,Seram Bagian Timur,Teluk Waru,solar_biomass_hybrid,retrofit,1920,466,1738383
81.05.15.2010,126,0.7873,4,blended_finance,Seram Bagian Timur,Teluk Waru,solar_biomass_hybrid,retrofit,1920,466,1738383
81.05.10.2001,127,0.8764,6,blended_finance,Seram Bagian Timur,Teor,solar_biomass_hybrid,retrofit,2538,696,2850661
81.05.10.2002,127,0.8764,6,blended_finance,Seram Bagian Timur,Teor,solar_biomass_hybrid,retrofit,2538,696,2850661
81.05.10.2004,127,0.8764,6,blended_finance,Seram Bagian Timur,Teor,solar_biomass_hybrid,retrofit,2538,696,2850661
81.05.10.2005,127,0.8764,6,blended_finance,Seram Bagian Timur,Teor,solar_biomass_hybrid,retrofit,2538,696,2850661
81.05.10.2007,127,0.8764,6,blended_finance,Seram Bagian Timur,Teor,solar_biomass_hybrid,retrofit,2538,696,2850661
81.05.10.2009,127,0.8764,6,blended_finance,Seram Bagian Timur,Teor,solar_biomass_hybrid,retrofit,2538,696,2850661
81.05.06.2008,128,0.9203,2,public_good,Seram Bagian Timur,Tutuk Tolu,solar_biomass_hybrid,retrofit,1377,396,1512887
81.05.06.2010,128,0.9203,2,public_good,Seram Bagian Timur,Tutuk Tolu,solar_biomass_hybrid,retrofit,1377,396,1512887
81.05.06.2001,129,0.8652,8,blended_finance,Seram Bagian Timur,Tutuk Tolu,solar_biomass_hybrid,retrofit,6767,1906,7042795
81.05.06.2002,129,0.8652,8,blended_finance,Seram Bagian Timur,Tutuk Tolu,solar_biomass_hybrid,retrofit,6767,1906,7042795
81.05.06.2003,129,0.8652,8,blended_finance,Seram Bagian Timur,Tutuk Tolu,solar_biomass_hybrid,retrofit,6767,1906,7042795
81.05.06.2004,129,0.8652,8,blended_finance,Seram Bagian Timur,Tutuk Tolu,solar_biomass_hybrid,retrofit,6767,1906,7042795
81.05.06.2005,129,0.8652,8,blended_finance,Seram Bagian Timur,Tutuk Tolu,solar_biomass_hybrid,retrofit,6767,1906,7042795
81.05.06.2006,129,0.8652,8,blended_finance,Seram Bagian Timur,Tutuk Tolu,solar_biomass_hybrid,retrofit,6767,1906,7042795
81.05.06.2007,129,0.8652,8,blended_finance,Seram Bagian Timur,Tutuk Tolu,solar_biomass_hybrid,retrofit,6767,1906,7042795
81.05.06.2011,129,0.8652,8,blended_finance,Seram Bagian Timur,Tutuk Tolu,solar_biomass_hybrid,retrofit,6767,1906,7042795
81.05.05.2008,130,0.9391,2,public_good,Seram Bagian Timur,Wakate,solar_biomass_hybrid,retrofit,1862,520,2099952
81.05.05.2021,130,0.9391,2,public_good,Seram Bagian Timur,Wakate,solar_biomass_hybrid,retrofit,1862,520,2099952
81.05.05.2001,131,0.8669,9,blended_finance,Seram Bagian Timur,Wakate,solar_biomass_hybrid,retrofit,4991,1463,5935203
81.05.05.2002,131,0.8669,9,blended_finance,Seram Bagian Timur,Wakate,solar_biomass_hybrid,retrofit,4991,1463,5935203
81.05.05.2004,131,0.8669,9,blended_finance,Seram Bagian Timur,Wakate,solar_biomass_hybrid,retrofit,4991,1463,5935203
81.05.05.2005,131,0.8669,9,blended_finance,Seram Bagian Timur,Wakate,solar_biomass_hybrid,retrofit,4991,1463,5935203
81.05.05.2006,131,0.8669,9,blended_finance,Seram Bagian Timur,Wakate,solar_biomass_hybrid,retrofit,4991,1463,5935203
81.05.05.2010,131,0.8669,9,blended_finance,Seram Bagian Timur,Wakate,solar_biomass_hybrid,retrofit,4991,1463,5935203
81.05.05.2022,131,0.8669,9,blended_finance,Seram Bagian Timur,Wakate,solar_biomass_hybrid,retrofit,4991,1463,5935203
81.05.05.2023,131,0.8669,9,blended_finance,Seram Bagian Timur,Wakate,solar_biomass_hybrid,retrofit,4991,1463,5935203
81.05.05.2024,131,0.8669,9,blended_finance,Seram Bagian Timur,Wakate,solar_biomass_hybrid,retrofit,4991,1463,5935203
81.05.03.2001,132,0.7428,7,blended_finance,Seram Bagian Timur,Werinama,solar_biomass_hybrid,new_build,3862,1192,4181757
81.05.03.2002,132,0.7428,7,blended_finance,Seram Bagian Timur,Werinama,solar_biomass_hybrid,new_build,3862,1192,4181757
81.05.03.2004,132,0.7428,7,blended_finance,Seram Bagian Timur,Werinama,solar_biomass_hybrid,new_build,3862,1192,4181757
81.05.03.2015,132,0.7428,7,blended_finance,Seram Bagian Timur,Werinama,solar_biomass_hybrid,new_build,3862,1192,4181757
81.05.03.2016,132,0.7428,7,blended_finance,Seram Bagian Timur,Werinama,solar_biomass_hybrid,new_build,3862,1192,4181757
81.05.03.2018,132,0.7428,7,blended_finance,Seram Bagian Timur,Werinama,solar_biomass_hybrid,new_build,3862,1192,4181757
81.05.03.2021,132,0.7428,7,blended_finance,Seram Bagian Timur,Werinama,solar_biomass_hybrid,new_build,3862,1192,4181757
81.05.03.2003,133,1.0,1,public_good,Seram Bagian Timur,Werinama,micro_hydro,new_build,2344,751,2254628
