n,kabupaten,kecamatan,bundle_id,bcs,tech_dom,n_dark,n_interm,interv_type,avg_sqi,pop_2026,hh_2026,demand_kw,size_kw,capex_low_usd,capex_high_usd,capex_mid_usd,exit,capex_usd,annual_kwh,annual_om,npv_usd,irr_mean,payback_mean,lcoe_mean,tariff_avg,per_connection,tech_mix_str,co2_avoided_t,annual_gen_kwh,annualised_capex,annual_cost,socec_benefit_yr,co2_avoided_25yr
3,Buru,Air Buaya,1,0.7969,micro_hydro,1,2,retrofit,0.167,5279,1331,351.4,351.3,1315919,2737113,2026516,blended_finance,4799737,2831841,95996,-2278532,-0.0163,,0.2004,0.1081,3606,micro_hydro:3,2480.692716,2831841.0,488643.2274452583,584639.2274452583,2005312.550137236,62017.3179
1,Buru,Batabual,2,1.0,solar_biomass_hybrid,0,1,retrofit,0.273,2241,564,148.9,148.9,443945,807981,625963,public_good,758696,1200015,16881,1638916,0.3499,3.0,0.0761,0.194,1345,solar_biomass_hybrid:1,974.41218,1200015.0,77239.99504343836,94120.99504343836,322835.0129989936,24360.304500000002
9,Buru,Fena Leisela,3,0.8405,micro_hydro,1,8,retrofit,0.182,6128,1764,465.7,465.6,1636365,3387539,2511953,blended_finance,5848351,3753008,117204,-2239264,0.0349,3.0,0.1786,0.1176,3315,micro_hydro:8; solar_biomass_hybrid:1,3275.926592,3753008.0,595398.6870265399,712602.6870265399,2444227.216501032,81898.1648
1,Buru,Teluk Kaiely,4,1.0,solar_biomass_hybrid,0,1,retrofit,0.318,1168,320,84.5,84.5,218284,397276,307780,public_good,372966,680841,8298,1000385,0.4106,3.0,0.0659,0.194,1165,solar_biomass_hybrid:1,552.842892,680841.0,37970.270030909654,46268.270030909654,158700.16620602013,13821.0723
7,Buru,Waplau,5,0.7629,solar_biomass_hybrid,0,7,retrofit,0.266,8590,2340,617.8,617.8,1627956,2955425,2291690,blended_finance,2940421,4978652,65196,7008045,0.3694,3.1,0.0738,0.1912,1256,solar_biomass_hybrid:6; solar_battery:1,4064.080023,4978652.0,299353.2369560694,364549.2369560694,1250403.8827593182,101602.000575
1,Buru Selatan,Ambalau,6,1.0,solar_biomass_hybrid,0,1,retrofit,0.455,1359,353,93.2,93.2,255684,465346,360515,public_good,436935,751037,9722,1072222,0.3842,3.0,0.07,0.194,1237,solar_biomass_hybrid:1,609.842044,751037.0,44482.71407033217,54204.71407033217,185922.16926123935,15246.0511
10,Buru Selatan,Fena Fafan,7,0.9057,micro_hydro,0,10,retrofit,0.223,5045,1116,294.6,294.7,994831,2069250,1532040,blended_finance,3626783,2374401,72538,-1431767,0.0018,19.0,0.1805,0.1081,3249,micro_hydro:10,2079.975276,2374401.0,369229.1786744974,441767.1786744974,1515261.4228535262,51999.3819
2,Buru Selatan,Kepala Madan,8,0.7252,solar_battery,0,2,retrofit,0.432,3985,1015,268.0,267.9,533278,924348,728814,public_good,1894359,2159543,40729,2018625,0.2308,4.5,0.1048,0.1743,1866,solar_battery:2,1885.281039,2159543.0,192857.58692611117,233586.58692611117,801201.9931565613,47132.025975
5,Buru Selatan,Kepala Madan,9,0.8409,solar_biomass_hybrid,1,4,retrofit,0.182,4685,1110,293.0,293.1,843988,1536059,1190024,blended_finance,1442108,2361588,32087,3287873,0.372,3.0,0.0723,0.194,1299,solar_biomass_hybrid:5,1917.6094560000001,2361588.0,146815.60832283655,178902.60832283655,613635.9465473294,47940.2364
8,Buru Selatan,Kepala Madan,10,0.8333,micro_hydro,2,6,retrofit,0.187,6469,1592,420.3,420.2,1495970,3111615,2303792,blended_finance,5456273,3387202,109124,-2382572,-0.0075,20.0,0.1905,0.1081,3427,micro_hydro:8,2967.188952,3387202.0,555482.6959357194,664606.6959357194,2279600.9670595177,74179.72379999999
10,Buru Selatan,Leksula,11,0.8152,micro_hydro,1,9,retrofit,0.2,7803,1836,484.7,484.8,1686690,3486805,2586748,blended_finance,6143247,3906375,123196,-2391526,0.014,12.0,0.183,0.1147,3345,micro_hydro:9; solar_battery:1,3421.2823829999998,3906375.0,625420.9430794647,748616.9430794647,2567756.114762564,85532.05957499999
2,Buru Selatan,Leksula,12,0.8713,solar_biomass_hybrid,0,2,retrofit,0.432,2152,555,146.5,146.5,420887,766014,593451,public_good,719406,1180834,16007,1646045,0.3659,3.0,0.0731,0.194,1296,solar_biomass_hybrid:2,958.837208,1180834.0,73240.02746056367,89247.02746056367,306117.3041897334,23970.930200000003
5,Buru Selatan,Leksula,13,0.7627,solar_biomass_hybrid,0,5,retrofit,0.264,2359,572,151.0,151.0,386573,700993,543783,blended_finance,715297,1217020,15838,1712153,0.3668,3.2,0.0744,0.1901,1250,solar_biomass_hybrid:4; solar_battery:1,995.879522,1217020.0,72821.70557718286,88659.70557718286,304102.79012973723,24896.98805
1,Buru Selatan,Leksula,14,1.0,micro_hydro,0,1,retrofit,0.5,3785,1005,265.3,265.3,903231,1878720,1390976,public_good,3293937,2138267,65879,-1322892,0.0004,20.0,0.1819,0.1081,3277,micro_hydro:1,1873.121892,2138267.0,335343.37541439285,401222.37541439285,1376192.7476713676,46828.0473
4,Buru Selatan,Namrole,15,0.8358,micro_hydro,3,1,new_build,0.136,6018,1448,382.3,382.2,1399623,2911214,2155419,blended_finance,5104764,3080871,102095,-2337981,-0.0115,,0.1949,0.1081,3525,micro_hydro:4,2698.842996,3080871.0,519696.88262218673,621791.8826221868,2132746.157394101,67471.07489999999
1,Buru Selatan,Namrole,16,1.0,solar_biomass_hybrid,0,1,retrofit,0.273,305,101,26.7,26.7,71870,130804,101337,public_good,122663,214858,2729,309610,0.3923,3.0,0.0687,0.194,1214,solar_biomass_hybrid:1,174.464696,214858.0,12487.860107359575,15216.860107359575,52193.830168243345,4361.6174
2,Buru Selatan,Waesama,17,0.8906,solar_biomass_hybrid,0,2,retrofit,0.25,2702,605,159.7,159.7,451560,821838,636700,public_good,771834,1287215,17173,1809529,0.3756,3.0,0.0716,0.194,1275,solar_biomass_hybrid:2,1045.21858,1287215.0,78577.52556275135,95750.52556275135,328424.30268023716,26130.4645
9,Buru Selatan,Waesama,18,0.8622,micro_hydro,8,1,new_build,0.131,15830,3887,1026.2,1026.1,3765753,7832765,5799260,blended_finance,13732948,8270191,274659,-6311978,-0.0119,20.0,0.1955,0.1081,3533,micro_hydro:9,7244.6873160000005,8270191.0,1398099.9444465197,1672758.9444465197,5737563.179451562,181117.1829
3,Kepulauan Aru,Aru Selatan,19,0.8924,solar_biomass_hybrid,0,3,retrofit,0.242,1761,488,128.8,128.9,322250,586495,454374,blended_finance,550445,1038267,12247,1548037,0.4256,3.0,0.0638,0.194,1127,solar_biomass_hybrid:3,843.072804,1038267.0,56038.74156669526,68285.74156669526,234220.09357376475,21076.8201
6,Kepulauan Aru,Aru Selatan,20,0.7531,solar_battery,0,6,retrofit,0.432,4145,1033,272.7,272.8,549625,992485,771055,blended_finance,1755171,2197825,39098,2258931,0.279,3.8,0.0928,0.177,1699,solar_battery:4; solar_biomass_hybrid:1; wind_solar_hybrid:1,1912.796861,2197825.0,178687.3785289322,217785.3785289322,747003.8483542375,47819.921525
6,Kepulauan Aru,Aru Selatan Timur,21,0.7854,wind_solar_hybrid,0,6,retrofit,0.348,3103,821,216.7,216.8,542000,1106235,824117,blended_finance,1307492,1746670,34059,1817024,0.2808,3.8,0.0924,0.1744,1592,wind_solar_hybrid:5; solar_biomass_hybrid:1,1526.700164,1746670.0,133110.8581030285,167169.8581030285,573392.6132933878,38167.504100000006
7,Kepulauan Aru,Aru Selatan Utara,22,0.8529,solar_biomass_hybrid,1,6,retrofit,0.234,4505,1314,346.9,346.9,867250,1578395,1222823,blended_finance,1482141,2795737,32977,4168444,0.4257,3.0,0.0638,0.194,1127,solar_biomass_hybrid:7,2270.138444,2795737.0,150891.21794984656,183868.21794984656,630667.9875679737,56753.4611
5,Kepulauan Aru,Aru Tengah,23,0.8142,solar_battery,2,3,retrofit,0.173,2646,788,208.0,208.1,390187,676325,533257,blended_finance,1385298,1676555,29783,1671251,0.2491,4.0,0.0988,0.1743,1757,solar_battery:5,1463.632515,1676555.0,141031.9952308765,170814.9952308765,585895.4336419064,36590.812875
5,Kepulauan Aru,Aru Tengah,24,0.7481,solar_biomass_hybrid,3,2,new_build,0.2,4356,1282,338.4,338.4,846000,1539720,1192860,blended_finance,1446047,2727716,32174,4067068,0.4257,3.0,0.0638,0.194,1127,solar_biomass_hybrid:5,2214.905392,2727716.0,147216.6231436292,179390.6231436292,615309.8373826481,55372.6348
2,Kepulauan Aru,Aru Tengah Selatan,25,0.7177,solar_battery,0,2,retrofit,0.227,1018,316,83.4,83.5,182000,350740,266370,public_good,542657,672379,12956,658537,0.2505,4.0,0.0984,0.1724,1717,solar_battery:1; wind_solar_hybrid:1,590.9191109999999,672379.0,55245.87448765663,68201.87448765663,233932.42949266225,14772.977774999998
5,Kepulauan Aru,Aru Tengah Timur,26,0.7834,solar_battery,2,3,retrofit,0.164,2478,666,175.8,175.9,329812,571675,450743,blended_finance,1170823,1416969,25172,1412466,0.2491,4.0,0.0988,0.1743,1757,solar_battery:5,1237.013937,1416969.0,119197.0996509058,144369.09965090582,495186.011802607,30925.348425
3,Kepulauan Aru,Aru Tengah Timur,27,0.7866,solar_biomass_hybrid,2,1,new_build,0.167,1835,480,126.7,126.8,317000,576940,446971,blended_finance,541421,1021261,12047,1522694,0.4257,3.0,0.0638,0.194,1127,solar_biomass_hybrid:3,829.263932,1021261.0,55120.04196201567,67167.04196201568,230382.95392971378,20731.598299999998
4,Kepulauan Aru,Aru Utara,28,0.8671,wind_solar_hybrid,0,4,retrofit,0.239,3709,1014,267.7,267.7,669250,1392040,1030645,blended_finance,1697873,2157367,44994,2073025,0.2519,4.0,0.0981,0.1705,1674,wind_solar_hybrid:4,1909.2697950000002,2157367.0,172854.08398671908,217848.08398671908,747218.9280744465,47731.744875000004
6,Kepulauan Aru,Aru Utara,29,0.6221,solar_biomass_hybrid,4,2,new_build,0.167,3223,860,227.0,227.1,517658,947691,732673,blended_finance,1269955,1829840,28648,2211282,0.3354,3.5,0.082,0.1835,1476,solar_biomass_hybrid:3; solar_battery:2; wind_solar_hybrid:1,1548.467253,1829840.0,129289.35687731286,157937.35687731288,541725.1340891832,38711.681325
7,Kepulauan Aru,Aru Utara Timur Batuley,30,0.7513,solar_battery,2,5,retrofit,0.182,4591,1287,339.8,339.8,653438,1138280,895859,blended_finance,2200163,2738354,47388,2833905,0.2743,3.9,0.0938,0.1771,1709,solar_battery:6; solar_biomass_hybrid:1,2377.732355,2738354.0,223990.3455596925,271378.3455596925,930827.7252697452,59443.308875
5,Kepulauan Aru,Pulau-Pulau Aru,31,0.7638,solar_biomass_hybrid,3,2,new_build,0.155,2458,696,183.7,183.7,443562,803205,623382,blended_finance,844914,1480879,18675,2108130,0.3904,3.2,0.0708,0.1901,1213,solar_biomass_hybrid:4; solar_battery:1,1214.803373,1480879.0,86017.52635064858,104692.52635064858,359095.3653827246,30370.084325
4,Kepulauan Aru,Sir-Sir,32,0.6924,solar_biomass_hybrid,2,2,retrofit,0.17,1970,545,143.9,143.9,344375,622765,483571,blended_finance,673331,1159558,14859,1631118,0.3816,3.2,0.0726,0.1891,1235,solar_biomass_hybrid:3; solar_battery:1,953.630129,1159558.0,68549.30446792048,83408.30446792048,286090.48432496726,23840.753225
1,Kepulauan Aru,Sir-Sir,33,1.0,solar_biomass_hybrid,1,0,new_build,0.136,695,194,51.2,51.2,128000,232960,180480,public_good,218824,412792,4869,615492,0.4257,3.0,0.0638,0.194,1127,solar_biomass_hybrid:1,335.187104,412792.0,22277.650963475957,27146.650963475957,93113.01280472253,8379.677599999999
2,Kepulauan Tanimbar,Fordata,34,0.8609,solar_biomass_hybrid,0,2,retrofit,0.5,3031,877,231.5,231.5,598651,1089545,844098,public_good,1023240,1865866,22768,2740216,0.4096,3.0,0.0661,0.194,1166,solar_biomass_hybrid:2,1515.083192,1865866.0,104172.22778062342,126940.22778062342,435404.98128753836,37877.0798
4,Kepulauan Tanimbar,Fordata,35,0.8733,solar_biomass_hybrid,0,4,retrofit,0.25,2741,837,221.0,220.9,581616,1058541,820079,blended_finance,994305,1780841,22123,2593644,0.4052,3.0,0.0668,0.194,1187,solar_biomass_hybrid:4,1446.042892,1780841.0,101226.46392186855,123349.46392186855,423088.66125200916,36151.0723
2,Kepulauan Tanimbar,Kormomolin,36,0.8516,solar_biomass_hybrid,1,1,retrofit,0.159,1996,612,161.6,161.6,410226,746611,578418,public_good,700950,1302044,15596,1928246,0.4187,3.0,0.0648,0.194,1145,solar_biomass_hybrid:2,1057.259728,1302044.0,71361.0913009929,86957.0913009929,298262.8231624057,26431.4932
3,Kepulauan Tanimbar,Molu Maru,37,0.8338,solar_biomass_hybrid,1,2,retrofit,0.242,2626,711,187.7,187.8,473149,861131,667140,blended_finance,808214,1512712,17983,2247775,0.4224,3.0,0.0642,0.194,1136,solar_biomass_hybrid:3,1228.322144,1512712.0,82281.236956617,100264.236956617,343906.3327611963,30708.0536
2,Kepulauan Tanimbar,Nirunmas,38,0.946,solar_biomass_hybrid,0,2,retrofit,0.205,5437,1577,416.3,416.3,1054626,1919421,1487023,public_good,1802513,3355287,40106,4973621,0.4196,3.0,0.0646,0.194,1143,solar_biomass_hybrid:2,2724.493044,3355287.0,183507.09004098244,223613.09004098244,766992.8988405698,68112.32609999999
3,Kepulauan Tanimbar,Selaru,39,0.9031,solar_battery,0,3,retrofit,0.303,3374,877,231.5,231.5,434063,752375,593219,blended_finance,1541759,1865947,33148,1860077,0.2491,4.0,0.0988,0.1743,1757,solar_battery:3,1628.971731,1865947.0,156960.70299326276,190108.70299326276,652072.8512668913,40724.293275
1,Kepulauan Tanimbar,Tanimbar Selatan,40,1.0,wind_solar_hybrid,0,1,retrofit,0.182,3790,1018,268.8,268.8,672000,1397760,1034880,public_good,1704571,2165910,45171,2081265,0.2519,4.0,0.0981,0.1705,1674,wind_solar_hybrid:1,1916.83035,2165910.0,173535.98225269248,218706.98225269248,750164.9491267352,47920.75875
1,Kepulauan Tanimbar,Tanimbar Selatan,41,1.0,wind_solar_hybrid,0,1,retrofit,0.318,654,160,42.2,42.2,105500,219440,162470,public_good,267909,340421,7100,327119,0.2519,4.0,0.0981,0.1705,1674,wind_solar_hybrid:1,301.272585,340421.0,27274.810770180055,34374.810770180055,117905.6009417176,7531.814625
2,Kepulauan Tanimbar,Tanimbar Utara,42,0.6609,solar_battery,0,2,retrofit,0.295,2999,941,248.4,248.4,520500,921180,720840,public_good,1445100,2002147,31350,2344934,0.3374,3.5,0.0813,0.1842,1535,solar_biomass_hybrid:1; solar_battery:1,1704.7846020000002,2002147.0,147120.21262438814,178470.21262438814,612152.8293016513,42619.61505000001
3,Kepulauan Tanimbar,Wermaktian,43,0.7253,wind_solar_hybrid,2,1,new_build,0.152,3747,988,260.8,260.8,652000,1304680,978340,blended_finance,1490396,2102162,38058,2358424,0.3098,3.7,0.0866,0.1783,1508,wind_solar_hybrid:2; solar_biomass_hybrid:1,1813.8182729999999,2102162.0,151731.62854787736,189789.62854787736,650978.4259192194,45345.456824999994
6,Kepulauan Tanimbar,Wertamrian,44,0.7867,solar_biomass_hybrid,1,5,retrofit,0.22,8481,2389,630.7,630.7,1712445,3268242,2490344,blended_finance,4056601,5082775,85476,4615379,0.3526,5.3,0.082,0.1797,1698,solar_biomass_hybrid:5; micro_hydro:1,4221.984308,5082775.0,412987.3376598889,498463.3376598889,1709729.248173419,105549.60770000001
6,Kepulauan Tanimbar,Wuar Labobar,45,0.7895,solar_biomass_hybrid,2,4,retrofit,0.152,6240,1608,424.5,424.6,1065693,1994486,1530090,blended_finance,1995796,3421210,46683,4731310,0.3945,3.2,0.0698,0.1901,1241,solar_biomass_hybrid:5; wind_solar_hybrid:1,2827.723913,3421210.0,203184.50755996356,249867.50755996356,857045.550930675,70693.09782499999
1,Kota Ambon,Nusaniwe,46,1.0,wind_solar_hybrid,0,1,retrofit,0.818,3667,1233,325.5,325.5,813750,1692600,1253175,public_good,2064573,2623350,54711,2520832,0.2519,4.0,0.0981,0.1705,1674,wind_solar_hybrid:1,2321.66475,2623350.0,210186.43605187937,264897.43605187937,908598.2056579463,58041.618749999994
2,Kota Tual,Kur Selatan,47,0.9059,solar_biomass_hybrid,2,0,new_build,0.136,1138,281,74.2,74.1,189028,344030,266530,public_good,323422,597831,7197,883410,0.4141,3.0,0.0655,0.194,1150,solar_biomass_hybrid:2,485.43877200000003,597831.0,32926.38115521753,40123.38115521753,137623.19736239614,12135.9693
5,Kota Tual,Kur Selatan,48,0.8929,solar_biomass_hybrid,0,5,retrofit,0.318,3001,778,205.4,205.3,536934,977221,757078,blended_finance,918054,1655279,20426,2418311,0.4048,3.0,0.0668,0.194,1180,solar_biomass_hybrid:5,1344.086548,1655279.0,93463.63551357693,113889.63551357693,390641.4498115689,33602.1637
3,Kota Tual,Pulau-Pulau Kur,49,0.7552,solar_biomass_hybrid,0,3,retrofit,0.409,1971,566,149.4,149.4,345836,620018,482927,blended_finance,791197,1204205,17315,1549674,0.3598,3.3,0.0773,0.1874,1397,solar_biomass_hybrid:2; solar_battery:1,1005.0693820000001,1204205.0,80548.79999154246,97863.79999154246,335672.8339709907,25126.734550000005
5,Kota Tual,Tayando Tam,50,0.7862,solar_biomass_hybrid,1,4,retrofit,0.218,8779,2389,630.7,630.7,1576750,2869685,2223218,blended_finance,2694699,5082937,59957,7578644,0.4257,3.0,0.0638,0.194,1127,solar_biomass_hybrid:5,4127.344844,5082937.0,274337.20146614494,334294.20146614494,1146629.111028877,103183.6211
3,Maluku Barat Daya,Babar Barat,51,0.9386,solar_biomass_hybrid,0,3,retrofit,0.197,1158,301,79.5,79.4,263633,479812,371722,blended_finance,450914,640465,10033,818293,0.31,3.7,0.0847,0.194,1498,solar_biomass_hybrid:3,520.05758,640465.0,45905.86364633129,55938.86364633129,191870.30230691633,13001.4395
3,Maluku Barat Daya,Babar Barat,52,0.7976,wind_solar_hybrid,0,3,retrofit,0.288,2910,823,217.3,217.3,567024,1179410,873216,blended_finance,1438363,1751023,38116,1605990,0.2408,4.0,0.1015,0.1705,1747,wind_solar_hybrid:3,1549.6553549999999,1751023.0,146434.3439146445,184550.3439146445,633007.6796272306,38741.383875
4,Maluku Barat Daya,Damer,53,0.8681,solar_biomass_hybrid,0,4,retrofit,0.227,3481,969,255.8,255.8,711455,1294848,1003152,blended_finance,1215981,2061706,27056,2923125,0.3815,3.0,0.0705,0.194,1254,solar_biomass_hybrid:4,1674.1052719999998,2061706.0,123794.46631182347,150850.46631182346,517417.0994495545,41852.631799999996
6,Maluku Barat Daya,Dawelor Dawera,54,0.8203,solar_battery,0,6,retrofit,0.273,1673,508,134.1,134.0,292571,515396,403981,blended_finance,863790,1080900,18694,1151105,0.2834,4.2,0.0931,0.1809,1700,solar_battery:4; solar_biomass_hybrid:2,926.232465,1080900.0,87939.22113543714,106633.22113543714,365751.94849454943,23155.811625000002
3,Maluku Barat Daya,Kepulauan Roma,55,0.7898,solar_biomass_hybrid,0,3,retrofit,0.333,5101,1390,367.0,366.9,1014339,1846097,1430219,blended_finance,1733823,2957324,38577,4205694,0.3777,3.0,0.0711,0.194,1247,solar_biomass_hybrid:3,2401.347088,2957324.0,176514.01869286175,215091.01869286175,737762.1941165158,60033.6772
2,Maluku Barat Daya,Mdona Hyera,56,0.8144,solar_battery,0,2,retrofit,0.409,2379,689,181.9,181.9,353253,612305,482778,public_good,1254531,1465888,26973,1408455,0.2376,4.5,0.1026,0.1743,1820,solar_battery:2,1279.7202240000001,1465888.0,127719.09726931441,154692.0972693144,530593.8936337484,31993.005600000004
3,Maluku Barat Daya,Mdona Hyera,57,0.9404,solar_biomass_hybrid,0,3,retrofit,0.515,1431,413,109.0,109.0,291982,531408,411696,blended_finance,499154,878694,11107,1269256,0.3942,3.0,0.0684,0.194,1208,solar_biomass_hybrid:3,713.499528,878694.0,50816.9971713472,61923.9971713472,212399.3102977209,17837.4882
4,Maluku Barat Daya,Mdona Hyera,58,0.8953,solar_biomass_hybrid,0,4,retrofit,0.273,1787,519,137.0,137.0,360695,656465,508580,blended_finance,616517,1104271,13717,1608321,0.4032,3.0,0.0671,0.194,1187,solar_biomass_hybrid:4,896.668052,1104271.0,62765.28415095834,76482.28415095834,262334.2346377871,22416.7013
2,Maluku Barat Daya,Moa,59,0.8898,wind_solar_hybrid,0,2,retrofit,0.386,1654,459,121.2,121.2,303000,630240,466620,public_good,768564,976533,20367,938328,0.2519,4.0,0.0981,0.1705,1674,wind_solar_hybrid:2,864.231705,976533.0,78244.61912355563,98611.61912355563,338237.85359379585,21605.792625000002
2,Maluku Barat Daya,Moa,60,0.8549,wind_solar_hybrid,0,2,retrofit,0.432,6693,1775,468.6,468.6,1171500,2436720,1804110,public_good,2972115,3776541,78761,3628980,0.2519,4.0,0.0981,0.1705,1674,wind_solar_hybrid:2,3342.238785,3776541.0,302579.8842600051,381340.8842600051,1307999.2330118176,83555.969625
5,Maluku Barat Daya,Pulau Lakor,61,0.8174,solar_battery,0,5,retrofit,0.273,3230,898,237.1,237.1,501187,947245,724216,blended_finance,1550016,1910515,36196,1878178,0.2497,4.0,0.0987,0.1735,1726,solar_battery:4; wind_solar_hybrid:1,1676.636727,1910515.0,157801.3172037946,193997.3172037946,665410.7980090155,41915.918175
11,Maluku Barat Daya,Pulau Masela,62,0.8475,solar_biomass_hybrid,0,11,retrofit,0.393,3184,994,262.4,262.4,635408,1150529,892968,blended_finance,1211826,2114735,26781,3003359,0.4075,3.1,0.0673,0.1922,1219,solar_biomass_hybrid:10; solar_battery:1,1735.074237,2114735.0,123371.4613409188,150152.4613409188,515022.94239935145,43376.855925
6,Maluku Barat Daya,Pulau Wetang,63,0.8003,solar_battery,0,6,retrofit,0.258,1871,549,144.9,144.9,290515,519269,404892,blended_finance,986034,1168099,21774,1127163,0.2391,4.0,0.102,0.1737,1796,solar_battery:5; wind_solar_hybrid:1,1021.384827,1168099.0,100384.42442382943,122158.42442382943,419003.39577373496,25534.620675
8,Maluku Barat Daya,Pulau-Pulau Babar Timur,64,0.909,wind_solar_hybrid,0,8,retrofit,0.335,4718,1350,356.4,356.5,923270,1920399,1421834,blended_finance,2341702,2872299,62057,2656907,0.2407,4.0,0.1016,0.1705,1734,wind_solar_hybrid:8,2541.984615,2872299.0,238399.90045184066,300456.90045184066,1030567.1685498136,63549.615374999994
1,Maluku Barat Daya,Wetar Barat,65,1.0,wind_solar_hybrid,0,1,retrofit,0.273,584,142,37.5,37.5,114362,237873,176118,public_good,290045,302139,7686,223952,0.1913,5.0,0.1196,0.1705,2042,wind_solar_hybrid:1,267.393015,302139.0,29528.39393165916,37214.39393165916,127645.37118559092,6684.825374999999
2,Maluku Barat Daya,Wetar Selatan,66,0.9476,solar_biomass_hybrid,0,2,retrofit,0.364,1100,296,78.1,78.2,244793,445525,345158,public_good,418061,629826,9301,835818,0.3311,3.0,0.0799,0.194,1412,solar_biomass_hybrid:2,511.418712,629826.0,42561.22289804465,51862.22289804465,177887.42454029317,12785.4678
4,Maluku Barat Daya,Wetar Timur,67,0.9098,solar_biomass_hybrid,0,4,retrofit,0.239,1662,442,116.7,116.7,338038,615230,476634,blended_finance,577649,940428,12853,1305152,0.3637,3.0,0.0737,0.194,1306,solar_biomass_hybrid:4,763.627536,940428.0,58808.27880580249,71661.27880580249,245798.18630390256,19090.6884
1,Maluku Tengah,Amahai,68,1.0,solar_battery,0,1,retrofit,0.773,2058,590,155.8,155.8,292125,506350,399238,public_good,1037216,1255301,22300,1251340,0.2491,4.0,0.0988,0.1743,1757,solar_battery:1,1095.877773,1255301.0,105595.07193787098,127895.07193787098,438680.09674689744,27396.944324999997
1,Maluku Tengah,Amahai,69,1.0,solar_biomass_hybrid,0,1,retrofit,0.182,593,151,39.9,39.9,122368,222710,172539,public_good,208943,321240,4649,431564,0.3388,3.0,0.0783,0.194,1383,solar_biomass_hybrid:1,260.84688,321240.0,21271.70340210195,25920.70340210195,88908.0126692097,6521.172
3,Maluku Tengah,Banda,70,0.7533,solar_biomass_hybrid,0,3,retrofit,0.333,2920,883,233.1,233.1,606969,1104685,855828,blended_finance,1037370,1878680,23081,2750322,0.3981,3.0,0.0679,0.194,1174,solar_biomass_hybrid:3,1525.48816,1878680.0,105610.75010045084,128691.75010045084,441412.7028445464,38137.204000000005
1,Maluku Tengah,Banda,71,1.0,solar_biomass_hybrid,0,1,retrofit,0.682,1726,537,141.8,141.8,382727,696564,539646,public_good,653946,1142553,14550,1644378,0.3912,3.0,0.0689,0.194,1217,solar_biomass_hybrid:1,927.753036,1142553.0,66575.79030161796,81125.79030161796,278261.4607345496,23193.8259
2,Maluku Tengah,Leihitu,72,0.8864,wind_solar_hybrid,0,2,retrofit,0.545,11273,3064,808.9,808.9,2479608,5157584,3818596,public_good,6290778,6519086,166705,4790610,0.1896,5.0,0.1203,0.1705,2053,wind_solar_hybrid:2,5769.3911100000005,6519086.0,640440.5210247202,807145.5210247202,2768509.1371147903,144234.77775
2,Maluku Tengah,Leihitu Barat,73,0.7937,wind_solar_hybrid,0,2,retrofit,0.273,9000,2468,651.6,651.6,1908469,3969616,2939043,public_good,4841469,5250972,128299,4145278,0.2047,5.0,0.1142,0.1705,1961,wind_solar_hybrid:2,4647.1102200000005,5250972.0,492891.80589189933,621190.8058918994,2130684.464209215,116177.75550000001
5,Maluku Tengah,Nusa Laut,74,0.884,solar_biomass_hybrid,0,5,retrofit,0.318,2606,917,242.1,242.0,656949,1195647,926299,blended_finance,1123161,1950972,24990,2799875,0.3886,3.0,0.0693,0.194,1224,solar_biomass_hybrid:5,1584.189264,1950972.0,114344.81013868963,139334.81013868965,477918.3987757055,39604.7316
1,Maluku Tengah,Nusa Laut,75,1.0,solar_biomass_hybrid,0,1,retrofit,0.545,1984,641,169.2,169.2,458591,834635,646613,public_good,783857,1363778,17441,1958729,0.3894,3.0,0.0692,0.194,1222,solar_biomass_hybrid:1,1107.387736,1363778.0,79801.54211273615,97242.54211273615,333541.919446685,27684.693399999996
4,Maluku Tengah,Pulau Haruku,76,0.7854,solar_biomass_hybrid,0,4,retrofit,0.352,5549,1802,475.7,475.8,1243282,2262771,1753027,blended_finance,2124486,3834004,47270,5603737,0.4021,3.0,0.0673,0.194,1178,solar_biomass_hybrid:4,3113.211248,3834004.0,216285.95393919855,263555.9539391985,903996.922011451,77830.2812
1,Maluku Tengah,Saparua,77,1.0,solar_biomass_hybrid,0,1,retrofit,0.318,1196,372,98.2,98.2,246468,448571,347520,public_good,421255,791494,9373,1178094,0.4238,3.0,0.064,0.194,1132,solar_biomass_hybrid:1,642.693128,791494.0,42886.39206220097,52259.39206220097,179249.71477334932,16067.3282
4,Maluku Tengah,Seram Utara,78,0.6711,solar_biomass_hybrid,0,4,retrofit,0.557,3637,1014,267.7,267.7,638443,1153467,895954,blended_finance,1271714,2157448,28035,3004648,0.3804,3.2,0.0727,0.1891,1254,solar_biomass_hybrid:3; solar_battery:1,1777.54427,2157448.0,129468.43407197503,157503.43407197503,540236.7788668744,44438.60675
1,Maluku Tengah,Seram Utara,79,1.0,micro_hydro,1,0,new_build,0.091,598,151,39.9,39.9,127158,264488,195823,public_good,463271,321240,9265,-160713,0.012,17.0,0.1703,0.1081,3068,micro_hydro:1,281.40624,321240.0,47163.88348398928,56428.88348398928,193551.07035008323,7035.156000000001
1,Maluku Tengah,Seram Utara,80,1.0,micro_hydro,0,1,retrofit,0.364,4101,1066,281.4,281.4,901422,1874958,1388190,public_good,3287373,2268020,65747,-1154630,0.0111,17.0,0.1712,0.1081,3083,micro_hydro:1,1986.78552,2268020.0,334675.11918598897,400422.11918598897,1373447.8688079421,49669.638
7,Maluku Tengah,Seram Utara Barat,81,0.7817,micro_hydro,3,4,retrofit,0.162,8482,2367,624.9,624.8,2083918,4334547,3209233,blended_finance,7600157,5036111,152005,-2925710,0.0026,18.5,0.1798,0.1081,3210,micro_hydro:7,4411.633236,5036111.0,773743.4875224772,925748.4875224772,3175317.312202097,110290.83089999999
4,Maluku Tengah,Seram Utara Barat,82,0.7584,solar_biomass_hybrid,0,4,retrofit,0.295,2331,679,179.3,179.3,449109,817379,633244,blended_finance,767353,1444692,17073,2152246,0.4245,3.0,0.0639,0.194,1130,solar_biomass_hybrid:4,1173.089904,1444692.0,78121.33175417763,95194.33175417763,326516.5579168293,29327.2476
1,Maluku Tengah,Seram Utara Timur Kobi,83,1.0,solar_biomass_hybrid,0,1,retrofit,0.636,728,241,63.6,63.6,159000,289380,224190,public_good,271839,512726,6048,764450,0.4256,3.0,0.0638,0.194,1127,solar_biomass_hybrid:1,416.333512,512726.0,27674.909334718042,33722.909334718046,115669.5790180829,10408.3378
1,Maluku Tengah,Seram Utara Timur Seti,84,1.0,solar_biomass_hybrid,0,1,retrofit,0.636,594,185,48.8,48.8,122000,222040,172020,public_good,208673,393611,4643,586871,0.4257,3.0,0.0638,0.194,1127,solar_biomass_hybrid:1,319.612132,393611.0,21244.215714461934,25887.215714461934,88793.14990060443,7990.3033
1,Maluku Tengah,Tehoru,85,1.0,micro_hydro,0,1,retrofit,0.227,515,152,40.1,40.1,144726,301031,222878,public_good,528122,323416,10562,-236097,-0.0097,,0.1928,0.1081,3474,micro_hydro:1,283.312416,323416.0,53766.12063636918,64328.12063636918,220645.4537827463,7082.810399999999
3,Maluku Tengah,Teluk Elpaputih,86,0.8315,micro_hydro,0,3,retrofit,0.227,8475,2386,629.9,630.0,2182400,4539391,3360895,blended_finance,7957047,5076571,159141,-3305366,-0.003,20.0,0.1856,0.1081,3334,micro_hydro:3,4447.076196,5076571.0,810077.1202700502,969218.1202700502,3324418.1525262725,111176.9049
1,Maluku Tengah,Telutih,87,1.0,micro_hydro,0,1,retrofit,0.273,958,233,61.5,61.5,202226,420631,311428,public_good,737576,495721,14752,-275307,0.0065,19.0,0.1757,0.1081,3165,micro_hydro:1,434.251596,495721.0,75089.84703248613,89841.84703248613,308157.53532142745,10856.2899
1,Maluku Tenggara,Kei Besar,88,1.0,solar_biomass_hybrid,0,1,retrofit,0.409,205,49,12.9,12.9,34027,61930,47978,public_good,58316,104286,1298,151774,0.4014,3.0,0.0673,0.194,1190,solar_biomass_hybrid:1,84.680232,104286.0,5936.933305241034,7234.933305241034,24815.821236976746,2117.0058
6,Maluku Tenggara,Kei Besar Selatan,89,0.9149,solar_biomass_hybrid,0,6,retrofit,0.22,3664,975,257.4,257.3,706991,1286720,996855,blended_finance,1208743,2074439,26894,2959272,0.383,3.0,0.0703,0.194,1239,solar_biomass_hybrid:6,1684.444468,2074439.0,123057.59267057004,149951.59267057004,514333.96286005527,42111.1117
7,Maluku Tenggara,Kei Besar Selatan Barat,90,0.8245,solar_biomass_hybrid,0,7,retrofit,0.344,2671,699,184.5,184.5,526804,958784,742793,blended_finance,900489,1487244,20035,2080033,0.374,3.0,0.0719,0.194,1288,solar_biomass_hybrid:7,1207.642128,1487244.0,91675.4087232182,111710.4087232182,383166.70192063844,30191.0532
1,Maluku Tenggara,Kei Kecil,91,1.0,solar_biomass_hybrid,0,1,retrofit,0.364,702,176,46.5,46.5,116250,211575,163912,public_good,198521,374430,4417,558252,0.4256,3.0,0.0638,0.194,1127,solar_biomass_hybrid:1,304.03716,374430.0,20210.678659197394,24627.678659197394,84472.93780104707,7600.928999999999
10,Maluku Tenggara,Kei Kecil Timur,92,0.875,wind_solar_hybrid,0,10,retrofit,0.441,6044,1727,455.9,455.9,1139750,2370680,1755215,blended_finance,2891742,3674431,76631,3530876,0.2519,4.0,0.0981,0.1705,1674,wind_solar_hybrid:10,3251.871435,3674431.0,294397.41048707586,371028.41048707586,1272627.4479706702,81296.785875
2,Maluku Tenggara,Kei Kecil Timur,93,0.7868,solar_battery,0,2,retrofit,0.636,800,224,59.1,59.1,133744,239643,186694,public_good,308949,476540,6758,616935,0.3361,3.5,0.0815,0.1842,1379,solar_biomass_hybrid:1; solar_battery:1,398.370595,476540.0,31452.939291462244,38210.939291462244,131063.5217697155,9959.264874999999
4,Maluku Tenggara,Kei Kecil Timur,94,0.8351,solar_biomass_hybrid,0,4,retrofit,0.375,2559,713,188.2,188.2,470500,856310,663406,blended_finance,804236,1516984,17894,2261801,0.4256,3.0,0.0638,0.194,1127,solar_biomass_hybrid:4,1231.791008,1516984.0,81876.25169205412,99770.25169205412,342211.96330374567,30794.775199999996
1,Maluku Tenggara,Kei Kecil Timur Selatan,95,1.0,wind_solar_hybrid,0,1,retrofit,0.318,359,93,24.6,24.6,61500,127920,94710,public_good,155722,197853,4127,190107,0.2519,4.0,0.0981,0.1705,1674,wind_solar_hybrid:1,175.099905,197853.0,15853.47294325304,19980.47294325304,68533.02219535793,4377.497625
3,Seram Bagian Barat,Amalatu,96,0.8624,micro_hydro,1,2,retrofit,0.167,7328,2013,531.4,531.4,1960613,4078077,3019344,blended_finance,7149951,4282900,143000,-3314593,-0.0133,,0.197,0.1081,3551,micro_hydro:3,3751.8203999999996,4282900.0,727909.7027015131,870909.7027015131,2987220.28026619,93795.51
3,Seram Bagian Barat,Amalatu,97,0.7136,solar_biomass_hybrid,1,2,retrofit,0.197,2626,678,179.0,179.0,525562,994929,760245,blended_finance,1184341,1442597,25139,1332550,0.2521,8.7,0.1081,0.1654,1746,solar_biomass_hybrid:2; micro_hydro:1,1193.7223960000001,1442597.0,120573.31654541586,145712.31654541584,499793.2457507764,29843.059900000004
1,Seram Bagian Barat,Amalatu,98,1.0,micro_hydro,0,1,retrofit,0.273,5004,1385,365.6,365.6,1211037,2518957,1864997,public_good,4416606,2946766,88332,-1675252,0.0052,19.0,0.177,0.1081,3188,micro_hydro:1,2581.367016,2946766.0,449638.09687782737,537970.0968778273,1845237.4322909478,64534.17540000001
6,Seram Bagian Barat,Elpaputih,99,0.8314,micro_hydro,1,5,retrofit,0.205,5870,1501,396.3,396.2,1411743,2936428,2174085,blended_finance,5148856,3193539,102978,-2251819,-0.0087,,0.1919,0.1081,3430,micro_hydro:6,2797.540164,3193539.0,524185.7238200516,627163.7238200516,2151171.572702777,69938.5041
1,Seram Bagian Barat,Huamual,100,1.0,solar_battery,0,1,retrofit,0.591,1097,298,78.7,78.7,150878,261522,206200,public_good,535653,634017,11517,617650,0.2421,4.0,0.101,0.1743,1797,solar_battery:1,553.496841,634017.0,54532.82350902454,66049.82350902454,226550.8946359542,13837.421025
2,Seram Bagian Barat,Huamual Belakang,101,0.8116,solar_biomass_hybrid,0,2,retrofit,0.273,6011,1498,395.5,395.4,1149249,2091634,1620441,public_good,1964463,3187172,43709,4414936,0.3591,3.0,0.0743,0.194,1311,solar_biomass_hybrid:2,2587.9836640000003,3187172.0,199994.61231246515,243703.61231246515,835903.3902317554,64699.59160000001
1,Seram Bagian Barat,Huamual Belakang,102,1.0,micro_hydro,0,1,retrofit,0.5,1366,363,95.8,95.8,309747,644275,477011,public_good,1129891,772313,22598,-405776,0.0094,18.0,0.1728,0.1081,3112,micro_hydro:1,676.546188,772313.0,115029.96620467963,137627.96620467963,472063.92408205115,16913.6547
1,Seram Bagian Barat,Huamual Belakang,103,1.0,micro_hydro,0,1,retrofit,0.273,9029,2173,573.7,573.7,2024841,4211669,3118255,public_good,7383350,4623321,147667,-3174860,-0.0058,,0.1886,0.1081,3397,micro_hydro:1,4050.029196,4623321.0,751671.1797662972,899338.1797662972,3084729.9565983997,101250.7299
2,Seram Bagian Barat,Inamosol,104,0.96,micro_hydro,0,2,retrofit,0.227,2227,555,146.5,146.5,509125,1058979,784052,public_good,1856813,1180834,37137,-776027,-0.003,,0.1856,0.1081,3345,micro_hydro:2,1034.410584,1180834.0,189035.1694441409,226172.1694441409,775770.5411934033,25860.2646
6,Seram Bagian Barat,Taniwel,105,0.8348,micro_hydro,0,6,retrofit,0.25,10247,2583,681.9,681.9,2357919,4904470,3631194,blended_finance,8598476,5495730,171970,-3559545,-0.0021,19.5,0.1847,0.1081,3328,micro_hydro:6,4814.25948,5495730.0,875378.6017339273,1047348.6017339273,3592405.703947371,120356.487
10,Seram Bagian Barat,Taniwel,106,0.7923,micro_hydro,2,8,retrofit,0.205,5950,1506,397.6,397.6,1346059,2754224,2050141,blended_finance,4568590,3204178,92043,-1092319,0.0713,11.2,0.1638,0.1253,3033,micro_hydro:8; solar_biomass_hybrid:2,2774.726232,3204178.0,465111.018056642,557154.018056642,1911038.2819342823,69368.1558
1,Seram Bagian Barat,Taniwel,107,1.0,solar_biomass_hybrid,0,1,retrofit,0.591,812,205,54.1,54.1,135250,246155,190702,public_good,231232,436164,5145,650317,0.4257,3.0,0.0638,0.194,1127,solar_biomass_hybrid:1,354.165168,436164.0,23540.862919910396,28685.862919910396,98392.50981529267,8854.1292
7,Seram Bagian Barat,Taniwel Timur,108,0.8975,micro_hydro,0,7,retrofit,0.26,4058,1110,293.0,293.0,1078799,2243903,1661352,blended_finance,3934459,2361669,78690,-1817914,-0.0125,19.0,0.1962,0.1081,3544,micro_hydro:7,2068.822044,2361669.0,400552.51860904956,479242.51860904956,1643801.83882904,51720.5511
6,Seram Bagian Barat,Taniwel Timur,109,0.8746,solar_biomass_hybrid,0,6,retrofit,0.432,3824,1049,276.9,276.9,708688,1289811,999251,blended_finance,1211324,2231914,26953,3293326,0.415,3.0,0.0653,0.194,1154,solar_biomass_hybrid:6,1812.314168,2231914.0,123320.35460315848,150273.35460315848,515437.6062888336,45307.8542
2,Seram Bagian Timur,Bula Barat,110,0.9536,micro_hydro,0,2,retrofit,0.205,972,290,76.6,76.5,246156,512004,379080,public_good,898327,617013,17967,-318933,0.0103,17.5,0.1719,0.1081,3097,micro_hydro:2,540.503388,617013.0,91455.30360959706,109422.30360959706,375318.5013809179,13512.5847
8,Seram Bagian Timur,Bula Barat,111,0.7214,solar_battery,0,8,retrofit,0.5,6747,2053,542.0,542.1,1154750,2049515,1602132,blended_finance,3081193,4367925,66956,5235088,0.3153,3.6,0.0857,0.1817,1500,solar_battery:5; solar_biomass_hybrid:3,3704.439368,4367925.0,313684.7064540698,380640.7064540698,1305597.6231374596,92610.98419999999
6,Seram Bagian Timur,Gorom Timur,112,0.7981,solar_biomass_hybrid,0,6,retrofit,0.621,3041,847,223.6,223.6,556326,1010369,783348,blended_finance,996416,1802118,22104,2622694,0.3924,3.2,0.0702,0.1907,1176,solar_biomass_hybrid:5; solar_battery:1,1469.8090570000002,1802118.0,101441.37691671326,123545.37691671326,423760.64282432647,36745.226425
4,Seram Bagian Timur,Kian Darat,113,0.8545,solar_biomass_hybrid,1,3,retrofit,0.216,3212,843,222.6,222.6,558550,1016560,787555,blended_finance,954374,1793656,21235,2670073,0.4228,3.0,0.0642,0.194,1132,solar_biomass_hybrid:4,1456.448672,1793656.0,97161.23853241146,118396.23853241146,406099.09816617134,36411.2168
6,Seram Bagian Timur,Kilmury,114,0.9325,micro_hydro,0,6,retrofit,0.182,3516,997,263.2,263.3,854277,1776895,1315585,blended_finance,3114102,2121181,62282,-1127506,0.009,17.8,0.1732,0.1081,3123,micro_hydro:6,1858.154556,2121181.0,317035.0483523855,379317.0483523855,1301057.4758486825,46453.8639
7,Seram Bagian Timur,Kilmury,115,0.9028,solar_biomass_hybrid,1,6,retrofit,0.195,3251,883,233.1,233.2,590129,1074035,832081,blended_finance,1008166,1878681,22432,2786150,0.4201,3.0,0.0646,0.194,1141,solar_biomass_hybrid:7,1525.488972,1878681.0,102637.60036030647,125069.60036030647,428988.7292358512,38137.2243
4,Seram Bagian Timur,Pulau Gorom,116,0.858,solar_biomass_hybrid,0,4,retrofit,0.5,1331,409,108.0,107.9,271739,494564,383151,blended_finance,464737,870233,10340,1293358,0.4219,3.0,0.0643,0.194,1136,solar_biomass_hybrid:4,706.629196,870233.0,47313.13144724951,57653.13144724951,197750.24086406583,17665.7299
1,Seram Bagian Timur,Pulau Gorom,117,1.0,solar_biomass_hybrid,0,1,retrofit,0.227,8469,2128,561.8,561.8,1455936,2649803,2052870,public_good,2488206,4527578,55363,6642732,0.4092,3.0,0.0661,0.194,1169,solar_biomass_hybrid:1,3676.393336,4527578.0,253314.92337781348,308677.9233778135,1058765.2771859004,91909.8334
2,Seram Bagian Timur,Pulau Panjang,118,0.9231,solar_biomass_hybrid,0,2,retrofit,0.523,335,103,27.2,27.2,68000,123760,95880,public_good,116180,219130,2585,326710,0.4256,3.0,0.0638,0.194,1127,solar_biomass_hybrid:2,177.93356,219130.0,11827.850185247673,14412.850185247673,49436.07613539952,4448.339
3,Seram Bagian Timur,Pulau Panjang,119,0.823,solar_battery,0,3,retrofit,0.212,2422,648,171.1,171.1,359563,636675,498120,blended_finance,991122,1378768,21508,1621553,0.308,3.7,0.0871,0.1809,1529,solar_battery:2; solar_biomass_hybrid:1,1173.164891,1378768.0,100902.41462646793,122410.41462646793,419867.722168785,29329.122274999998
5,Seram Bagian Timur,Seram Timur,120,0.7908,solar_battery,0,5,retrofit,0.536,2476,709,187.2,187.3,351187,608725,479956,blended_finance,1246418,1508521,26799,1503793,0.2491,4.0,0.0988,0.1743,1757,solar_battery:5,1316.938833,1508521.0,126893.14315885724,153692.14315885724,527164.0510348803,32923.470825
6,Seram Bagian Timur,Seram Timur,121,0.742,solar_biomass_hybrid,0,6,retrofit,0.258,3641,1003,264.8,264.8,603748,1078861,841306,blended_finance,1456041,2134158,31783,2657502,0.3837,3.2,0.0717,0.1907,1451,solar_biomass_hybrid:5; solar_battery:1,1791.860832,2134158.0,148234.07481131182,180017.07481131182,617458.5666027996,44796.5208
8,Seram Bagian Timur,Siritaun Wida Timur,122,0.8068,solar_biomass_hybrid,1,7,retrofit,0.216,5528,1566,413.4,413.5,1086877,2005128,1546003,blended_finance,2058725,3331997,44954,4379191,0.3636,4.8,0.0785,0.1833,1314,solar_biomass_hybrid:7; micro_hydro:1,2722.468476,3331997.0,209591.07309884674,254545.07309884674,873089.6007290444,68061.7119
11,Seram Bagian Timur,Siwalalat,123,0.836,micro_hydro,1,10,retrofit,0.186,6359,1846,487.3,487.2,1613430,3338973,2476201,blended_finance,5758539,3927570,115421,-1890431,0.041,17.6,0.1692,0.1159,3119,micro_hydro:10; solar_biomass_hybrid:1,3427.068632,3927570.0,586255.264054966,701676.264054966,2406749.5857085334,85676.7158
1,Seram Bagian Timur,Siwalalat,124,1.0,solar_biomass_hybrid,0,1,retrofit,0.182,899,261,68.9,68.9,187673,341565,264619,public_good,320758,555279,7137,795557,0.3872,3.0,0.0695,0.194,1228,solar_biomass_hybrid:1,450.886548,555279.0,32655.169303836057,39792.16930383605,136487.14071215768,11272.163700000001
3,Seram Bagian Timur,Teluk Waru,125,0.9425,micro_hydro,3,0,new_build,0.136,1987,532,140.4,140.5,452184,940542,696364,blended_finance,1648306,1131995,32967,-585366,0.0099,17.7,0.1723,0.1081,3098,micro_hydro:3,991.62762,1131995.0,167807.85356726503,200774.85356726503,688657.7477357191,24790.6905
4,Seram Bagian Timur,Teluk Waru,126,0.7873,solar_biomass_hybrid,0,4,retrofit,0.205,1920,466,123.0,122.9,289625,522535,406080,blended_finance,593043,991523,13053,1365888,0.3816,3.2,0.0726,0.1891,1272,solar_biomass_hybrid:3; solar_battery:1,819.004668,991523.0,60375.484226285385,73428.48422628539,251859.7008961589,20475.116700000002
6,Seram Bagian Timur,Teor,127,0.8764,solar_biomass_hybrid,0,6,retrofit,0.273,2538,696,183.7,183.8,505499,920008,712754,blended_finance,863659,1480797,19217,2111411,0.3872,3.0,0.0696,0.194,1240,solar_biomass_hybrid:6,1202.407164,1480797.0,87925.88451661922,107142.88451661922,367500.09389200393,30060.179099999998
2,Seram Bagian Timur,Tutuk Tolu,128,0.9203,solar_biomass_hybrid,0,2,retrofit,0.455,1377,396,104.5,104.5,268179,488086,378133,public_good,458518,842589,10203,1241794,0.4137,3.0,0.0655,0.194,1157,solar_biomass_hybrid:2,684.182268,842589.0,46679.99837527451,56882.99837527451,195108.6844271916,17104.5567
8,Seram Bagian Timur,Tutuk Tolu,129,0.8652,solar_biomass_hybrid,0,8,retrofit,0.193,6767,1906,503.2,503.2,1302291,2405487,1853890,blended_finance,2488542,4055388,54256,5330407,0.3691,4.8,0.0777,0.1833,1305,solar_biomass_hybrid:7; micro_hydro:1,3315.035344,4055388.0,253349.13027798774,307605.13027798774,1055085.596853498,82875.8836
2,Seram Bagian Timur,Wakate,130,0.9391,solar_biomass_hybrid,0,2,retrofit,0.591,1862,520,137.3,137.3,372399,677767,525082,public_good,636351,1106367,14159,1588475,0.3897,3.0,0.0691,0.194,1223,solar_biomass_hybrid:2,898.3700040000001,1106367.0,64784.50932374369,78943.5093237437,270776.2369804409,22459.2501
9,Seram Bagian Timur,Wakate,131,0.8669,solar_biomass_hybrid,1,8,retrofit,0.258,4991,1463,386.2,386.1,1052012,1914661,1483334,blended_finance,1798522,3112786,40016,4459227,0.3875,3.0,0.0695,0.194,1229,solar_biomass_hybrid:9,2527.5822319999997,3112786.0,183100.7812951628,223116.7812951628,765290.5598424084,63189.555799999995
7,Seram Bagian Timur,Werinama,132,0.7428,solar_biomass_hybrid,6,1,new_build,0.136,3862,1192,314.7,314.7,897244,1735958,1316600,blended_finance,2300591,2536068,47941,1762921,0.2405,9.7,0.1124,0.1572,1930,solar_biomass_hybrid:4; micro_hydro:3,2121.37784,2536068.0,234214.54368677165,282155.54368677165,967793.5148456268,53034.446
1,Seram Bagian Timur,Werinama,133,1.0,micro_hydro,1,0,new_build,0.136,2344,751,198.3,198.3,658919,1370552,1014736,public_good,2402355,1597817,48047,-917458,0.0047,19.0,0.1776,0.1081,3198,micro_hydro:1,1399.687692,1597817.0,244574.7549645436,292621.7549645436,1003692.6195283846,34992.1923
